{
  "mmh_version": "1.2.0",
  "timestamp_utc": "2025-07-23T03:26:29.896473900+00:00",
  "replay_seed": 16571134905250561046,
  "run_mode": "SMOKETEST | MMH‑RS V1",
  "system_tier": "HighEnd",
  "test_set_desc": "~50 MiB deterministic",
  "total_files": 108,
  "total_size_bytes": 52428800,
  "seed_output_size_bytes": 22460428,
  "pack_speed": 172.95580079919418,
  "unpack_speed": 88.78375541985396,
  "verify_speed": 212.34281991638898,
  "pack_time": 0.2890912,
  "unpack_time": 0.2412596,
  "verify_time": 0.1008743,
  "total_time": 0.6312251,
  "compression_ratio": 2.334274306794154,
  "files_per_sec": 373.5845297262594,
  "peak_cpu_pct": 28.382933,
  "avg_cpu_pct": 27.263317,
  "peak_ram_mb": 16908,
  "peak_threads": 256,
  "thermal_throttling": false,
  "memory_pressure": "LOW",
  "input_hash": "3e7d4821ae1dfa9425a7080f82329ced127741969271c2a0672b1abd057c2df8",
  "packed_hash": "1654cee668f2226d3f2b9f043f08c8335351d31729d929f8e698a8d2487e08a1",
  "unpacked_hash": "3e7d4821ae1dfa9425a7080f82329ced127741969271c2a0672b1abd057c2df8",
  "seed_score": 337,
  "seed_score_formula": "(2.33×*158.0)/(1+0.0/4+28.4/100)+50",
  "overall_system_score": 936.0,
  "performance_tier": "Elite Performance",
  "warnings": [
    "⚠️  This is a CPU-only benchmark designed to stress test your processor",
    "   GPU acceleration will be available in V2, V3 will use both CPU+GPU",
    "Decompression speed below 100 MB/s - system may be underpowered"
  ],
  "errors": [],
  "os_info": "Windows",
  "cpu_info": "16 cores, 2400 MHz",
  "ram_info": "63.6 GB",
  "storage_info": "SSD: 1, HDD: 0",
  "original_score_v1_1": 780,
  "conversion_date": "2025-07-23 00:51:39"
}
