{
  "mmh_version": "1.2.0",
  "timestamp_utc": "2025-07-22T23:10:08.860729-04:00",
  "replay_seed": 13794548893291672544,
  "run_mode": "SMOKETEST | MMH‑RS V1",
  "system_tier": "HighEnd",
  "test_set_desc": "~50 MiB deterministic",
  "total_files": 103,
  "total_size_bytes": 52428800,
  "seed_output_size_bytes": 23226048,
  "pack_speed": 187.0054407362928,
  "unpack_speed": 78.51299251814388,
  "verify_speed": 218.42973245388586,
  "pack_time": 0.2673719,
  "unpack_time": 0.28212,
  "verify_time": 0.101406,
  "total_time": 0.6508979,
  "compression_ratio": 2.257327634903708,
  "files_per_sec": 385.23120791676314,
  "peak_cpu_pct": 28.827015,
  "avg_cpu_pct": 25.428598,
  "peak_ram_mb": 16051,
  "peak_threads": 260,
  "thermal_throttling": false,
  "memory_pressure": "LOW",
  "input_hash": "27e81d43bec2171883c9d7955553e1de1eb9d3ff1e4ded36fd29c2f588a6c456",
  "packed_hash": "da51689dfc189fff2a580fc286868cedcbe946cd9048ae57c1605629c8b403c4",
  "unpacked_hash": "27e81d43bec2171883c9d7955553e1de1eb9d3ff1e4ded36fd29c2f588a6c456",
  "seed_score": 333,
  "seed_score_formula": "(2.26×*161.3)/(1+0.0/4+28.8/100)+50",
  "overall_system_score": 924.0,
  "performance_tier": "Elite Performance",
  "warnings": [
    "⚠️  This is a CPU-only benchmark designed to stress test your processor",
    "   GPU acceleration will be available in V2, V3 will use both CPU+GPU",
    "Decompression speed below 100 MB/s - system may be underpowered"
  ],
  "errors": [],
  "os_info": "Windows",
  "cpu_info": "16 cores, 2400 MHz",
  "ram_info": "63.6 GB",
  "storage_info": "SSD: 1, HDD: 0",
  "original_score_v1_1": 770,
  "conversion_date": "2025-07-23 00:51:39"
}
