{
  "mmh_version": "1.2.0",
  "timestamp_utc": "2025-07-22T22:53:24.522539200+00:00",
  "replay_seed": 15122356718932363782,
  "run_mode": "SMOKETEST | MMH‑RS V1",
  "system_tier": "HighEnd",
  "test_set_desc": "~50 MiB deterministic",
  "total_files": 97,
  "total_size_bytes": 52428800,
  "seed_output_size_bytes": 26233023,
  "pack_speed": 83.06181809362162,
  "unpack_speed": 59.51353977355339,
  "verify_speed": 145.39706353464143,
  "pack_time": 0.6019613,
  "unpack_time": 0.4203709,
  "verify_time": 0.1720651,
  "compression_ratio": 1.9985801865076702,
  "files_per_sec": 161.13992710162597,
  "peak_cpu_pct": 30.4906,
  "avg_cpu_pct": 23.759968,
  "peak_ram_mb": 19544292,
  "peak_threads": 324,
  "thermal_throttling": false,
  "memory_pressure": "LOW",
  "input_hash": "10aadfdc76b1be235632163afd8a0175094d354850ce0ee5a5014ad54f91f059",
  "packed_hash": "38309a435d213385bda19a95b34377e47114c4f97cc8bfd635c1f56b0f6a610c",
  "unpacked_hash": "10aadfdc76b1be235632163afd8a0175094d354850ce0ee5a5014ad54f91f059",
  "seed_score": 82,
  "seed_score_formula": "(2.00×*96.0)/(1+18.6/4+30.5/100)+50",
  "overall_system_score": 200.0,
  "performance_tier": [
    "Entry Level",
    "Mainstream",
    "High Performance",
    "Enterprise",
    "Ultra Performance",
    "Elite Performance"
  ],
  "warnings": [
    "Decompression speed below 100 MB/s - system may be underpowered",
    "High memory usage detected - consider more RAM for larger datasets"
  ],
  "errors": [],
  "os_info": "Windows",
  "cpu_info": "16 cores, 2400 MHz",
  "ram_info": "63.6 GB",
  "storage_info": "SSD: 1, HDD: 0",
  "original_score_v1_1": 72,
  "conversion_date": "2025-07-23 00:51:38"
}
