{
  "mmh_version": "1.2.0",
  "timestamp_utc": "2025-07-22T23:05:58.856607800+00:00",
  "replay_seed": 9687145257831489024,
  "run_mode": "SMOKETEST | MMH‑RS V1",
  "system_tier": "HighEnd",
  "test_set_desc": "~50 MiB deterministic",
  "total_files": 114,
  "total_size_bytes": 52428800,
  "seed_output_size_bytes": 24221816,
  "pack_speed": 53.514489154967684,
  "unpack_speed": 46.668267715653855,
  "verify_speed": 129.13162592031404,
  "pack_time": 0.9343264,
  "unpack_time": 0.4949771,
  "verify_time": 0.1788851,
  "compression_ratio": 2.164528043644622,
  "files_per_sec": 122.01303527332632,
  "peak_cpu_pct": 45.210327,
  "avg_cpu_pct": 42.982365,
  "peak_ram_mb": 20130900,
  "peak_threads": 331,
  "thermal_throttling": false,
  "memory_pressure": "LOW",
  "input_hash": "ca5b2a3f27c6782d74bd63f368c4d1bc0c6c056a410d4b700dbfbb5bf0eab6b6",
  "packed_hash": "a8bb6d1af25434e4d9eeb9fb9a91c73c83c366a92e31d7db2e00ed5d3754e776",
  "unpacked_hash": "ca5b2a3f27c6782d74bd63f368c4d1bc0c6c056a410d4b700dbfbb5bf0eab6b6",
  "seed_score": 76,
  "seed_score_formula": "(2.16×*76.4)/(1+19.2/4+45.2/100)+50",
  "overall_system_score": 200.0,
  "performance_tier": [
    "Entry Level",
    "Mainstream",
    "High Performance",
    "Enterprise",
    "Ultra Performance",
    "Elite Performance"
  ],
  "warnings": [
    "Decompression speed below 100 MB/s - system may be underpowered",
    "High memory usage detected - consider more RAM for larger datasets"
  ],
  "errors": [],
  "os_info": "Windows",
  "cpu_info": "16 cores, 2400 MHz",
  "ram_info": "63.6 GB",
  "storage_info": "SSD: 1, HDD: 0",
  "original_score_v1_1": 86,
  "conversion_date": "2025-07-23 00:51:38"
}
