{
  "mmh_version": "1.2.0",
  "timestamp_utc": "2025-07-23T03:50:43.977649400+00:00",
  "replay_seed": 11929755127455067140,
  "run_mode": "SMOKETEST | MMH‑RS V1",
  "system_tier": "HighEnd",
  "test_set_desc": "~50 MiB deterministic",
  "total_files": 104,
  "total_size_bytes": 52428800,
  "seed_output_size_bytes": 20349087,
  "pack_speed": 202.7089209358179,
  "unpack_speed": 67.22289103790574,
  "verify_speed": 225.01845509946602,
  "pack_time": 0.2466591,
  "unpack_time": 0.2886874,
  "verify_time": 0.0862436,
  "total_time": 0.6215900999999999,
  "compression_ratio": 2.576469401305326,
  "files_per_sec": 421.63455554650125,
  "peak_cpu_pct": 22.729172,
  "avg_cpu_pct": 18.295773,
  "peak_ram_mb": 17562,
  "peak_threads": 263,
  "thermal_throttling": false,
  "memory_pressure": "LOW",
  "input_hash": "59f8b525cae7cf45d301fdc35982f9efbaacd396569ac7ae0d8ef7388349ef6a",
  "packed_hash": "85405d2a7288cb21345843e68a689c0d77e46aaa303d3ee6c682e604866af188",
  "unpacked_hash": "59f8b525cae7cf45d301fdc35982f9efbaacd396569ac7ae0d8ef7388349ef6a",
  "seed_score": 396,
  "seed_score_formula": "(2.58×*165.0)/(1+0.0/4+22.7/100)+50",
  "overall_system_score": 950.0,
  "performance_tier": "Elite Performance",
  "warnings": [
    "⚠️  This is a CPU-only benchmark designed to stress test your processor",
    "   GPU acceleration will be available in V2, V3 will use both CPU+GPU",
    "Decompression speed below 100 MB/s - system may be underpowered"
  ],
  "errors": [],
  "os_info": "Windows",
  "cpu_info": "16 cores, 2400 MHz",
  "ram_info": "63.6 GB",
  "storage_info": "SSD: 1, HDD: 0",
  "original_score_v1_1": 812,
  "conversion_date": "2025-07-23 00:51:39"
}
