{
  "mmh_version": "1.2.0",
  "timestamp_utc": "2025-07-23T02:06:41.279781700+00:00",
  "replay_seed": 4576415781788024619,
  "run_mode": "SMOKETEST | MMH‑RS V1",
  "system_tier": "HighEnd",
  "test_set_desc": "~50 MiB deterministic",
  "total_files": 102,
  "total_size_bytes": 52428800,
  "seed_output_size_bytes": 25994941,
  "pack_speed": 10.555502086073322,
  "unpack_speed": 22.882190990042147,
  "verify_speed": 5.386715263532753,
  "pack_time": 4.7368661,
  "unpack_time": 1.0834062,
  "verify_time": 4.6021938,
  "total_time": 10.422466100000001,
  "compression_ratio": 2.016884746920564,
  "files_per_sec": 21.533224255589577,
  "peak_cpu_pct": 14.156918,
  "avg_cpu_pct": 11.47851,
  "peak_ram_mb": 14483,
  "peak_threads": 254,
  "thermal_throttling": false,
  "memory_pressure": "LOW",
  "input_hash": "fcb9c7da291c440cc1f169891eeb8a3be4749a442acdc93618bb1f283dd6472f",
  "packed_hash": "615a135c225e97841fa52ec219c92a393ec760fe230147b515b25fa397a06421",
  "unpacked_hash": "fcb9c7da291c440cc1f169891eeb8a3be4749a442acdc93618bb1f283dd6472f",
  "seed_score": 73,
  "seed_score_formula": "(2.02×*12.9)/(1+0.0/4+14.2/100)+50",
  "overall_system_score": 509.0,
  "performance_tier": [
    "High Performance",
    "Enterprise",
    "Ultra Performance",
    "Elite Performance"
  ],
  "warnings": [
    "⚠️  This is a CPU-only benchmark designed to stress test your processor",
    "   GPU acceleration will be available in V2, V3 will use both CPU+GPU",
    "Compression speed below 50 MB/s - consider faster storage",
    "Decompression speed below 100 MB/s - system may be underpowered"
  ],
  "errors": [],
  "os_info": "Windows",
  "cpu_info": "16 cores, 2400 MHz",
  "ram_info": "63.6 GB",
  "storage_info": "SSD: 1, HDD: 0",
  "original_score_v1_1": 424,
  "conversion_date": "2025-07-23 00:51:38"
}
