{
  "mmh_version": "1.2.0",
  "timestamp_utc": "2025-07-23T04:19:00.191926400+00:00",
  "replay_seed": 14874703422618420745,
  "run_mode": "SMOKETEST | MMH‑RS V1",
  "system_tier": "HighEnd",
  "test_set_desc": "~50 MiB deterministic",
  "total_files": 94,
  "total_size_bytes": 52428800,
  "seed_output_size_bytes": 30055788,
  "pack_speed": 188.3988509177285,
  "unpack_speed": 106.54454197449249,
  "verify_speed": 262.49983355283086,
  "pack_time": 0.2653944,
  "unpack_time": 0.2690277,
  "verify_time": 0.1091941,
  "total_time": 0.6436162,
  "compression_ratio": 1.7443828123887486,
  "files_per_sec": 354.1898397253296,
  "peak_cpu_pct": 23.140572,
  "avg_cpu_pct": 22.896425,
  "peak_ram_mb": 18137,
  "peak_threads": 272,
  "thermal_throttling": false,
  "memory_pressure": "LOW",
  "input_hash": "4d40e9db9e0b31ff1e172408be1dd6c11053ad9a5c9fc7da71c64697fc7441e3",
  "packed_hash": "b4b7b498d0cb09c7da5fb2cc0c622e9191e363f8f98781e4c9ffd940ca7784d7",
  "unpacked_hash": "4d40e9db9e0b31ff1e172408be1dd6c11053ad9a5c9fc7da71c64697fc7441e3",
  "seed_score": 313,
  "seed_score_formula": "(1.74×*185.8)/(1+0.0/4+23.1/100)+50",
  "overall_system_score": 842.0,
  "performance_tier": [
    "Ultra Performance",
    "Elite Performance"
  ],
  "warnings": [
    "⚠️  This is a CPU-only benchmark designed to stress test your processor",
    "   GPU acceleration will be available in V2, V3 will use both CPU+GPU"
  ],
  "errors": [],
  "os_info": "Windows",
  "cpu_info": "16 cores, 2400 MHz",
  "ram_info": "63.6 GB",
  "storage_info": "SSD: 1, HDD: 0",
  "original_score_v1_1": 702,
  "conversion_date": "2025-07-23 00:51:39"
}
