{
  "mmh_version": "1.2.0",
  "timestamp_utc": "2025-07-23T02:28:12.084994300+00:00",
  "replay_seed": 6628124405231777052,
  "run_mode": "SMOKETEST | MMH‑RS V1",
  "system_tier": "HighEnd",
  "test_set_desc": "~50 MiB deterministic",
  "total_files": 111,
  "total_size_bytes": 52428800,
  "seed_output_size_bytes": 21799586,
  "pack_speed": 92.65128889987527,
  "unpack_speed": 45.11203474758549,
  "verify_speed": 131.84201105668055,
  "pack_time": 0.5396579,
  "unpack_time": 0.4608461,
  "verify_time": 0.1576865,
  "total_time": 1.1581905000000001,
  "compression_ratio": 2.4050364993170055,
  "files_per_sec": 205.6858613577231,
  "peak_cpu_pct": 37.041607,
  "avg_cpu_pct": 28.17828,
  "peak_ram_mb": 14701,
  "peak_threads": 251,
  "thermal_throttling": false,
  "memory_pressure": "LOW",
  "input_hash": "2af3fb935c83d6f8d3a5ae99ca985f0305b3987fd1e013203446f87591483b8b",
  "packed_hash": "3eeadfe155d6b71f441580bd985c2417e851cab970ee5a45337bf80b866e5252",
  "unpacked_hash": "2af3fb935c83d6f8d3a5ae99ca985f0305b3987fd1e013203446f87591483b8b",
  "seed_score": 208,
  "seed_score_formula": "(2.41×*89.9)/(1+0.0/4+37.0/100)+50",
  "overall_system_score": 916.0,
  "performance_tier": "Elite Performance",
  "warnings": [
    "⚠️  This is a CPU-only benchmark designed to stress test your processor",
    "   GPU acceleration will be available in V2, V3 will use both CPU+GPU",
    "Decompression speed below 100 MB/s - system may be underpowered"
  ],
  "errors": [],
  "os_info": "Windows",
  "cpu_info": "16 cores, 2400 MHz",
  "ram_info": "63.6 GB",
  "storage_info": "SSD: 1, HDD: 0",
  "original_score_v1_1": 763,
  "conversion_date": "2025-07-23 00:51:39"
}
