{
  "mmh_version": "1.2.0",
  "timestamp_utc": "2025-07-23T03:30:03.535154100+00:00",
  "replay_seed": 6543549333328696767,
  "run_mode": "SMOKETEST | MMH‑RS V1",
  "system_tier": "HighEnd",
  "test_set_desc": "~50 MiB deterministic",
  "total_files": 98,
  "total_size_bytes": 52428800,
  "seed_output_size_bytes": 24899812,
  "pack_speed": 196.43687088636636,
  "unpack_speed": 94.37317806730326,
  "verify_speed": 243.54341682181482,
  "pack_time": 0.2545347,
  "unpack_time": 0.2516214,
  "verify_time": 0.0975034,
  "total_time": 0.6036595,
  "compression_ratio": 2.1055901948175353,
  "files_per_sec": 385.0162669372781,
  "peak_cpu_pct": 25.846807,
  "avg_cpu_pct": 23.065704,
  "peak_ram_mb": 17305,
  "peak_threads": 260,
  "thermal_throttling": false,
  "memory_pressure": "LOW",
  "input_hash": "0032e82ed7b64fb3d06988e552e7ffedd824ab892351fe9b395a5c3cfe6456bf",
  "packed_hash": "b070c46724599c78655af9aabedd91c3e169bba873ac94718e4c4286ab17c7d5",
  "unpacked_hash": "0032e82ed7b64fb3d06988e552e7ffedd824ab892351fe9b395a5c3cfe6456bf",
  "seed_score": 348,
  "seed_score_formula": "(2.11×*178.1)/(1+0.0/4+25.8/100)+50",
  "overall_system_score": 900.0,
  "performance_tier": "Elite Performance",
  "warnings": [
    "⚠️  This is a CPU-only benchmark designed to stress test your processor",
    "   GPU acceleration will be available in V2, V3 will use both CPU+GPU",
    "Decompression speed below 100 MB/s - system may be underpowered"
  ],
  "errors": [],
  "os_info": "Windows",
  "cpu_info": "16 cores, 2400 MHz",
  "ram_info": "63.6 GB",
  "storage_info": "SSD: 1, HDD: 0",
  "original_score_v1_1": 750,
  "conversion_date": "2025-07-23 00:51:39"
}
