{
  "mmh_version": "1.2.0",
  "timestamp_utc": "2025-07-23T04:31:15.864983300+00:00",
  "replay_seed": 5425547137824276993,
  "run_mode": "SMOKETEST | MMH‑RS V1",
  "system_tier": "HighEnd",
  "test_set_desc": "~50 MiB deterministic",
  "total_files": 97,
  "total_size_bytes": 52428800,
  "seed_output_size_bytes": 24692883,
  "pack_speed": 107.629372658523,
  "unpack_speed": 58.1274018779417,
  "verify_speed": 129.44797400991055,
  "pack_time": 0.4645572,
  "unpack_time": 0.4051268,
  "verify_time": 0.1819184,
  "total_time": 1.0516024,
  "compression_ratio": 2.123235265805131,
  "files_per_sec": 208.80098295753461,
  "peak_cpu_pct": 30.55707,
  "avg_cpu_pct": 26.722225,
  "peak_ram_mb": 18534,
  "peak_threads": 271,
  "thermal_throttling": false,
  "memory_pressure": "LOW",
  "input_hash": "14c77c500aad96b8d54ffb50fdd3104f11dd1760c5f9a7c555b3d1555e353065",
  "packed_hash": "6cada96db928ea3770e242f8ac3f495d9d8dbd41aca43b5dbe815dcd67fa08f5",
  "unpacked_hash": "14c77c500aad96b8d54ffb50fdd3104f11dd1760c5f9a7c555b3d1555e353065",
  "seed_score": 210,
  "seed_score_formula": "(2.12×*98.4)/(1+0.0/4+30.6/100)+50",
  "overall_system_score": 905.0,
  "performance_tier": "Elite Performance",
  "warnings": [
    "⚠️  This is a CPU-only benchmark designed to stress test your processor",
    "   GPU acceleration will be available in V2, V3 will use both CPU+GPU",
    "Decompression speed below 100 MB/s - system may be underpowered"
  ],
  "errors": [],
  "os_info": "Windows",
  "cpu_info": "16 cores, 2400 MHz",
  "ram_info": "63.6 GB",
  "storage_info": "SSD: 1, HDD: 0",
  "original_score_v1_1": 754,
  "conversion_date": "2025-07-23 00:51:39"
}
