{
  "mmh_version": "1.2.0",
  "timestamp_utc": "2025-07-23T04:02:33.773011200+00:00",
  "replay_seed": 1212351897269287407,
  "run_mode": "SMOKETEST | MMH‑RS V1",
  "system_tier": "HighEnd",
  "test_set_desc": "~50 MiB deterministic",
  "total_files": 100,
  "total_size_bytes": 52428800,
  "seed_output_size_bytes": 18061104,
  "pack_speed": 91.52937717736947,
  "unpack_speed": 40.006621956993875,
  "verify_speed": 86.75886512371905,
  "pack_time": 0.5462727,
  "unpack_time": 0.430539,
  "verify_time": 0.198532,
  "total_time": 1.1753437,
  "compression_ratio": 2.9028568796237484,
  "files_per_sec": 183.05875435473894,
  "peak_cpu_pct": 13.021988,
  "avg_cpu_pct": 11.779547,
  "peak_ram_mb": 17603,
  "peak_threads": 267,
  "thermal_throttling": false,
  "memory_pressure": "LOW",
  "input_hash": "f068d4d9304fec29ce1fbd1b05eb3331fd81316f6fd0c82bb9a61d5a1b375973",
  "packed_hash": "99258b386f2b2bf18ffbc2e58840444e5648e657766826c1f9c9dae9b9ba905f",
  "unpacked_hash": "f068d4d9304fec29ce1fbd1b05eb3331fd81316f6fd0c82bb9a61d5a1b375973",
  "seed_score": 237,
  "seed_score_formula": "(2.90×*72.8)/(1+0.0/4+13.0/100)+50",
  "overall_system_score": 950.0,
  "performance_tier": "Elite Performance",
  "warnings": [
    "⚠️  This is a CPU-only benchmark designed to stress test your processor",
    "   GPU acceleration will be available in V2, V3 will use both CPU+GPU",
    "Decompression speed below 100 MB/s - system may be underpowered"
  ],
  "errors": [],
  "os_info": "Windows",
  "cpu_info": "16 cores, 2400 MHz",
  "ram_info": "63.6 GB",
  "storage_info": "SSD: 1, HDD: 0",
  "original_score_v1_1": 824,
  "conversion_date": "2025-07-23 00:51:39"
}
