{
  "mmh_version": "1.2.0",
  "timestamp_utc": "2025-07-23T05:14:35.904092800+00:00",
  "replay_seed": 10021684738405894640,
  "run_mode": "SMOKETEST | MMH‑RS V1",
  "system_tier": "HighEnd",
  "test_set_desc": "~50 MiB deterministic",
  "total_files": 105,
  "total_size_bytes": 52428800,
  "seed_output_size_bytes": 25033707,
  "pack_speed": 184.98129469148077,
  "unpack_speed": 53.07663565751492,
  "verify_speed": 216.51125642840233,
  "pack_time": 0.2702976,
  "unpack_time": 0.4498025,
  "verify_time": 0.1102668,
  "total_time": 0.8303669,
  "compression_ratio": 2.094328259094828,
  "files_per_sec": 388.46071885210966,
  "peak_cpu_pct": 22.09912,
  "avg_cpu_pct": 15.595001,
  "peak_ram_mb": 16153,
  "peak_threads": 255,
  "thermal_throttling": false,
  "memory_pressure": "LOW",
  "input_hash": "484f58cd355b05eeb41b2d9c1e1a983f4a11cab07d94352b5d8df17ddf90c727",
  "packed_hash": "1b89e3d87fcd88201feae85df6ca3b4de9ad7c7a1ae60a09637671a184e3d540",
  "unpacked_hash": "484f58cd355b05eeb41b2d9c1e1a983f4a11cab07d94352b5d8df17ddf90c727",
  "seed_score": 310,
  "seed_score_formula": "(2.09×*151.5)/(1+0.0/4+22.1/100)+50",
  "overall_system_score": 579,
  "performance_tier": "High Performance",
  "warnings": [
    "⚠️  This is a CPU-only benchmark designed to stress test your processor",
    "   GPU acceleration will be available in V2, V3 will use both CPU+GPU",
    "Decompression speed below 100 MB/s - system may be underpowered"
  ],
  "errors": [],
  "os_info": "Windows",
  "cpu_info": "16 cores, 2400 MHz",
  "ram_info": "63.6 GB",
  "storage_info": "SSD: 1, HDD: 0"
}