{
  "mmh_version": "1.2.0",
  "timestamp_utc": "2025-07-23T02:34:55.777807400+00:00",
  "replay_seed": 16192406743170173014,
  "run_mode": "Mainstream | MMH‑RS V1",
  "system_tier": "HighEnd",
  "test_set_desc": "2 GiB deterministic",
  "total_files": 4051,
  "total_size_bytes": 2147483648,
  "seed_output_size_bytes": 982937451,
  "pack_speed": 77.7677977880203,
  "unpack_speed": 57.91973974440407,
  "verify_speed": 106.38675164291637,
  "pack_time": 26.3348077,
  "unpack_time": 16.184503,
  "verify_time": 8.8112682,
  "total_time": 51.3305789,
  "compression_ratio": 2.1847612437752155,
  "files_per_sec": 153.82683048792492,
  "peak_cpu_pct": 24.5995,
  "avg_cpu_pct": 21.839512,
  "peak_ram_mb": 16783,
  "peak_threads": 248,
  "thermal_throttling": false,
  "memory_pressure": "LOW",
  "input_hash": "0823cb258594a9cbb866967d8291ad98a2bc716cf4db722d58b1e6f8652a75c4",
  "packed_hash": "22bc2ea52730052e04c0d3e9742e976da0f7dc1d901eec7be95e0b71cc2c8e1b",
  "unpacked_hash": "0823cb258594a9cbb866967d8291ad98a2bc716cf4db722d58b1e6f8652a75c4",
  "seed_score": 191,
  "seed_score_formula": "(2.18×*80.7)/(1+0.0/4+24.6/100)+50",
  "overall_system_score": 871.0,
  "performance_tier": "Elite Performance",
  "warnings": [
    "⚠️  This is a CPU-only benchmark designed to stress test your processor",
    "   GPU acceleration will be available in V2, V3 will use both CPU+GPU",
    "Decompression speed below 100 MB/s - system may be underpowered"
  ],
  "errors": [],
  "os_info": "Windows",
  "cpu_info": "16 cores, 2400 MHz",
  "ram_info": "63.6 GB",
  "storage_info": "SSD: 1, HDD: 0",
  "original_score_v1_1": 726,
  "conversion_date": "2025-07-23 00:51:39"
}
