{
  "mmh_version": "1.2.0",
  "timestamp_utc": "2025-07-22T22:03:03.592587700+00:00",
  "replay_seed": 13829176728157191918,
  "run_mode": "SMOKETEST | MMH‑RS V1",
  "system_tier": "HighEnd",
  "test_set_desc": "~50 MiB deterministic",
  "total_files": 92,
  "total_size_bytes": 52428800,
  "seed_output_size_bytes": 29027303,
  "pack_speed": 80.56878987450122,
  "unpack_speed": 62.52152554863165,
  "verify_speed": 178.54726799667247,
  "pack_time": 0.6205877,
  "unpack_time": 0.442769,
  "verify_time": 0.1550435,
  "compression_ratio": 1.8061891592202004,
  "files_per_sec": 148.24657336908226,
  "peak_cpu_pct": 33.374256,
  "avg_cpu_pct": 24.916565,
  "peak_ram_mb": 19574328,
  "peak_threads": 323,
  "thermal_throttling": false,
  "memory_pressure": "LOW",
  "input_hash": "01b32d1931b979bac130b3aab8ce99d736e02c529f62438c4ec9f61337005e3e",
  "packed_hash": "72f79fa6ba4526ed2398e77ff3df448f2b6d43f3bbb5c93e6eba0723df8cc3a2",
  "unpacked_hash": "01b32d1931b979bac130b3aab8ce99d736e02c529f62438c4ec9f61337005e3e",
  "seed_score": 82,
  "seed_score_formula": "(1.81×*107.2)/(1+18.7/4+33.4/100)+50",
  "overall_system_score": 200.0,
  "performance_tier": [
    "Entry Level",
    "Mainstream",
    "High Performance",
    "Enterprise",
    "Ultra Performance",
    "Elite Performance"
  ],
  "warnings": [
    "Decompression speed below 100 MB/s - system may be underpowered",
    "High memory usage detected - consider more RAM for larger datasets"
  ],
  "errors": [],
  "os_info": "Windows",
  "cpu_info": "16 cores, 2400 MHz",
  "ram_info": "63.6 GB",
  "storage_info": "SSD: 1, HDD: 0",
  "original_score_v1_1": 72,
  "conversion_date": "2025-07-23 00:51:38"
}
