{
  "mmh_version": "1.2.0",
  "timestamp_utc": "2025-07-23T04:42:02.777581800+00:00",
  "replay_seed": 2095270603119746006,
  "run_mode": "Mainstream | MMH‑RS V1",
  "system_tier": "HighEnd",
  "test_set_desc": "2 GiB deterministic",
  "total_files": 4064,
  "total_size_bytes": 2147483648,
  "seed_output_size_bytes": 995531720,
  "pack_speed": 77.05835015927619,
  "unpack_speed": 52.41341109121443,
  "verify_speed": 104.85560403450843,
  "pack_time": 26.5772625,
  "unpack_time": 18.1139333,
  "verify_time": 9.0544806,
  "total_time": 53.7456764,
  "compression_ratio": 2.15712227431588,
  "files_per_sec": 152.9126635973137,
  "peak_cpu_pct": 21.74604,
  "avg_cpu_pct": 19.054115,
  "peak_ram_mb": 17352,
  "peak_threads": 251,
  "thermal_throttling": false,
  "memory_pressure": "LOW",
  "input_hash": "58c18a8443c6c422c00eff23600f371b400866e0edc7705bfc174cc34f886b55",
  "packed_hash": "4b725ebe966e17b7b14cf32b5fdcd83a26b3f0559c9ead80718c5c53299e058d",
  "unpacked_hash": "58c18a8443c6c422c00eff23600f371b400866e0edc7705bfc174cc34f886b55",
  "seed_score": 188,
  "seed_score_formula": "(2.16×*78.1)/(1+0.0/4+21.7/100)+50",
  "overall_system_score": 866.0,
  "performance_tier": "Elite Performance",
  "warnings": [
    "⚠️  This is a CPU-only benchmark designed to stress test your processor",
    "   GPU acceleration will be available in V2, V3 will use both CPU+GPU",
    "Decompression speed below 100 MB/s - system may be underpowered"
  ],
  "errors": [],
  "os_info": "Windows",
  "cpu_info": "16 cores, 2400 MHz",
  "ram_info": "63.6 GB",
  "storage_info": "SSD: 1, HDD: 0",
  "original_score_v1_1": 722,
  "conversion_date": "2025-07-23 00:51:39"
}
