{
  "mmh_version": "1.2.0",
  "timestamp_utc": "2025-07-22T21:49:23.404603400+00:00",
  "replay_seed": 4832473064973389134,
  "run_mode": "Mainstream | MMH‑RS V1",
  "system_tier": "HighEnd",
  "test_set_desc": "8 GiB deterministic",
  "total_files": 16277,
  "total_size_bytes": 8589934592,
  "seed_output_size_bytes": 3984211434,
  "pack_speed": 76.75146982976312,
  "unpack_speed": 51.16006602419725,
  "verify_speed": 132.30519243641788,
  "pack_time": 106.7341123,
  "unpack_time": 74.2696484,
  "verify_time": 28.7187528,
  "compression_ratio": 2.1559936600493175,
  "files_per_sec": 152.50044853748224,
  "peak_cpu_pct": 25.544016,
  "avg_cpu_pct": 22.249168,
  "peak_ram_mb": 24530016,
  "peak_threads": 320,
  "thermal_throttling": false,
  "memory_pressure": "LOW",
  "input_hash": "b5d74486bd27e56f32f4ef8768e42af599b650303359915d8ef0fc421934cdae",
  "packed_hash": "3039264087c4286154e9c33e3b5f9767c90ff535f18d4dfee8dd36f0ae47626a",
  "unpacked_hash": "b5d74486bd27e56f32f4ef8768e42af599b650303359915d8ef0fc421934cdae",
  "seed_score": 76,
  "seed_score_formula": "(2.16×*86.7)/(1+23.4/4+25.5/100)+50",
  "overall_system_score": 466.0,
  "performance_tier": [
    "High Performance",
    "Enterprise",
    "Ultra Performance",
    "Elite Performance"
  ],
  "warnings": [
    "Decompression speed below 100 MB/s - system may be underpowered",
    "High memory usage detected - consider more RAM for larger datasets"
  ],
  "errors": [],
  "os_info": "Windows",
  "cpu_info": "16 cores, 2400 MHz",
  "ram_info": "63.6 GB",
  "storage_info": "SSD: 1, HDD: 0",
  "conversion_notes": "Converted to V1.2.0 1000-point scoring system",
  "original_score_v1_1": 388.0,
  "conversion_date": "2025-07-23 00:51:38"
}
