{
  "mmh_version": "1.2.0",
  "timestamp_utc": "2025-07-23T03:54:20.392450200+00:00",
  "replay_seed": 8684990953269805322,
  "run_mode": "SMOKETEST | MMH‑RS V1",
  "system_tier": "HighEnd",
  "test_set_desc": "~50 MiB deterministic",
  "total_files": 106,
  "total_size_bytes": 52428800,
  "seed_output_size_bytes": 24230181,
  "pack_speed": 208.17434018102009,
  "unpack_speed": 80.75168849872782,
  "verify_speed": 236.91337398383894,
  "pack_time": 0.2401833,
  "unpack_time": 0.2861575,
  "verify_time": 0.0975365,
  "total_time": 0.6238773000000001,
  "compression_ratio": 2.1637807823226742,
  "files_per_sec": 441.3296011837626,
  "peak_cpu_pct": 30.326904,
  "avg_cpu_pct": 26.629131,
  "peak_ram_mb": 17658,
  "peak_threads": 268,
  "thermal_throttling": false,
  "memory_pressure": "LOW",
  "input_hash": "1c743f9897add8431d99bb26a8f81b0fbb377d309d6752944fe1bbdafb543f8b",
  "packed_hash": "2c128a89bebd12a0c554e9536fc8af6973e8ff4e844c2cabe64f4dab248b0e37",
  "unpacked_hash": "1c743f9897add8431d99bb26a8f81b0fbb377d309d6752944fe1bbdafb543f8b",
  "seed_score": 341,
  "seed_score_formula": "(2.16×*175.3)/(1+0.0/4+30.3/100)+50",
  "overall_system_score": 908.0,
  "performance_tier": "Elite Performance",
  "warnings": [
    "⚠️  This is a CPU-only benchmark designed to stress test your processor",
    "   GPU acceleration will be available in V2, V3 will use both CPU+GPU",
    "Decompression speed below 100 MB/s - system may be underpowered"
  ],
  "errors": [],
  "os_info": "Windows",
  "cpu_info": "16 cores, 2400 MHz",
  "ram_info": "63.6 GB",
  "storage_info": "SSD: 1, HDD: 0",
  "original_score_v1_1": 757,
  "conversion_date": "2025-07-23 00:51:39"
}
