{
  "mmh_version": "1.2.0",
  "timestamp_utc": "2025-07-23T05:05:20.230043100+00:00",
  "replay_seed": 4026129714585694924,
  "run_mode": "SMOKETEST | MMH‑RS V1",
  "system_tier": "HighEnd",
  "test_set_desc": "~50 MiB deterministic",
  "total_files": 95,
  "total_size_bytes": 52428800,
  "seed_output_size_bytes": 25435972,
  "pack_speed": 184.90372063266656,
  "unpack_speed": 72.64956971813204,
  "verify_speed": 244.85495227818595,
  "pack_time": 0.270411,
  "unpack_time": 0.3338992,
  "verify_time": 0.0990694,
  "total_time": 0.7033796,
  "compression_ratio": 2.0612068608976295,
  "files_per_sec": 351.3170692020665,
  "peak_cpu_pct": 25.33767,
  "avg_cpu_pct": 20.509975,
  "peak_ram_mb": 16142,
  "peak_threads": 256,
  "thermal_throttling": false,
  "memory_pressure": "LOW",
  "input_hash": "e03a3322ac731b27faa7e0788d5f7d967e43b8e52093c71d36ab62b7ad301769",
  "packed_hash": "8362d45c9ec73265220298ea565fca5d8143b9ee58a7d36e07e27440a380ce7d",
  "unpacked_hash": "e03a3322ac731b27faa7e0788d5f7d967e43b8e52093c71d36ab62b7ad301769",
  "seed_score": 325,
  "seed_score_formula": "(2.06×*167.5)/(1+0.0/4+25.3/100)+50",
  "overall_system_score": 597,
  "performance_tier": "High Performance",
  "warnings": [
    "⚠️  This is a CPU-only benchmark designed to stress test your processor",
    "   GPU acceleration will be available in V2, V3 will use both CPU+GPU",
    "Decompression speed below 100 MB/s - system may be underpowered"
  ],
  "errors": [],
  "os_info": "Windows",
  "cpu_info": "16 cores, 2400 MHz",
  "ram_info": "63.6 GB",
  "storage_info": "SSD: 1, HDD: 0"
}