{
  "mmh_version": "1.2.0",
  "timestamp_utc": "2025-07-22T22:20:44.153204200+00:00",
  "replay_seed": 4140261219092567313,
  "run_mode": "Mainstream | MMH‑RS V1",
  "system_tier": "HighEnd",
  "test_set_desc": "2 GiB deterministic",
  "total_files": 4044,
  "total_size_bytes": 2147483648,
  "seed_output_size_bytes": 1006175572,
  "pack_speed": 76.84470421456507,
  "unpack_speed": 57.59776982888637,
  "verify_speed": 125.63100681991149,
  "pack_time": 26.6511534,
  "unpack_time": 16.6597388,
  "verify_time": 7.6379536,
  "compression_ratio": 2.134303105502148,
  "files_per_sec": 151.7382733611822,
  "peak_cpu_pct": 21.394835,
  "avg_cpu_pct": 18.660713,
  "peak_ram_mb": 21612560,
  "peak_threads": 326,
  "thermal_throttling": false,
  "memory_pressure": "LOW",
  "input_hash": "b2148416bff911a67ea6ade0fad21de0dbdb541b10f9d26d1dd6f7732173d4e1",
  "packed_hash": "a1a12fce2644908ef0d7bf4a94946ba9b06f1ab83fb23a6fceb8fc633ca18886",
  "unpacked_hash": "b2148416bff911a67ea6ade0fad21de0dbdb541b10f9d26d1dd6f7732173d4e1",
  "seed_score": 79,
  "seed_score_formula": "(2.13×*86.7)/(1+20.6/4+21.4/100)+50",
  "overall_system_score": 200.0,
  "performance_tier": [
    "Entry Level",
    "Mainstream",
    "High Performance",
    "Enterprise",
    "Ultra Performance",
    "Elite Performance"
  ],
  "warnings": [
    "Decompression speed below 100 MB/s - system may be underpowered",
    "High memory usage detected - consider more RAM for larger datasets"
  ],
  "errors": [],
  "os_info": "Windows",
  "cpu_info": "16 cores, 2400 MHz",
  "ram_info": "63.6 GB",
  "storage_info": "SSD: 1, HDD: 0",
  "original_score_v1_1": 89,
  "conversion_date": "2025-07-23 00:51:38"
}
