{
  "mmh_version": "1.2.0",
  "timestamp_utc": "2025-07-22T23:48:57.204323700+00:00",
  "replay_seed": 5983606626486780818,
  "run_mode": "SMOKETEST | MMH‑RS V1",
  "system_tier": "HighEnd",
  "test_set_desc": "~50 MiB deterministic",
  "total_files": 104,
  "total_size_bytes": 52428800,
  "seed_output_size_bytes": 24544940,
  "pack_speed": 131.53671715922783,
  "unpack_speed": 74.75300332708927,
  "verify_speed": 276.8004464652114,
  "pack_time": 0.380122,
  "unpack_time": 0.3131363,
  "verify_time": 0.0845659,
  "compression_ratio": 2.1360329257272577,
  "files_per_sec": 273.5963716911939,
  "peak_cpu_pct": 26.657211,
  "avg_cpu_pct": 24.785997,
  "peak_ram_mb": 25195212,
  "peak_threads": 329,
  "thermal_throttling": false,
  "memory_pressure": "LOW",
  "input_hash": "0119d305dbb73ff983798bf0f238e075c2a1c6912283e82c157a37f54c189eb1",
  "packed_hash": "59fe694161c5f8d4e57363d07f4b7e559b86cf90a59e189de0280e2cfdd1cf2b",
  "unpacked_hash": "0119d305dbb73ff983798bf0f238e075c2a1c6912283e82c157a37f54c189eb1",
  "seed_score": 97,
  "seed_score_formula": "(2.14×*161.0)/(1+24.0/4+26.7/100)+50",
  "overall_system_score": 200.0,
  "performance_tier": [
    "Entry Level",
    "Mainstream",
    "High Performance",
    "Enterprise",
    "Ultra Performance",
    "Elite Performance"
  ],
  "warnings": [
    "Decompression speed below 100 MB/s - system may be underpowered",
    "High memory usage detected - consider more RAM for larger datasets"
  ],
  "errors": [],
  "os_info": "Windows",
  "cpu_info": "16 cores, 2400 MHz",
  "ram_info": "63.6 GB",
  "storage_info": "SSD: 1, HDD: 0",
  "original_score_v1_1": 107,
  "conversion_date": "2025-07-23 00:51:38"
}
