{
  "mmh_version": "1.2.0",
  "timestamp_utc": "2025-07-22T22:13:29.299650200+00:00",
  "replay_seed": 9736133247797863805,
  "run_mode": "SMOKETEST | MMH‑RS V1",
  "system_tier": "HighEnd",
  "test_set_desc": "~50 MiB deterministic",
  "total_files": 114,
  "total_size_bytes": 52428800,
  "seed_output_size_bytes": 19846266,
  "pack_speed": 92.25614808809281,
  "unpack_speed": 43.60028307031379,
  "verify_speed": 132.2782464595335,
  "pack_time": 0.5419693,
  "unpack_time": 0.4340998,
  "verify_time": 0.1430838,
  "compression_ratio": 2.6417463113716204,
  "files_per_sec": 210.3440176408516,
  "peak_cpu_pct": 38.22501,
  "avg_cpu_pct": 33.670204,
  "peak_ram_mb": 19769816,
  "peak_threads": 329,
  "thermal_throttling": false,
  "memory_pressure": "LOW",
  "input_hash": "203876bcf2ea398313da619c986493f2e5211c664468d44c66dd6d0986706cf2",
  "packed_hash": "dee1ccc390a19fa00e79fbab8a8a32c39c38f173845287a1759f25451639bdc1",
  "unpacked_hash": "203876bcf2ea398313da619c986493f2e5211c664468d44c66dd6d0986706cf2",
  "seed_score": 89,
  "seed_score_formula": "(2.64×*89.4)/(1+18.9/4+38.2/100)+50",
  "overall_system_score": 200.0,
  "performance_tier": [
    "Entry Level",
    "Mainstream",
    "High Performance",
    "Enterprise",
    "Ultra Performance",
    "Elite Performance"
  ],
  "warnings": [
    "Decompression speed below 100 MB/s - system may be underpowered",
    "High memory usage detected - consider more RAM for larger datasets"
  ],
  "errors": [],
  "os_info": "Windows",
  "cpu_info": "16 cores, 2400 MHz",
  "ram_info": "63.6 GB",
  "storage_info": "SSD: 1, HDD: 0",
  "original_score_v1_1": 99,
  "conversion_date": "2025-07-23 00:51:38"
}
