{
  "mmh_version": "1.2.0",
  "timestamp_utc": "2025-07-23T04:24:12.039463600+00:00",
  "replay_seed": 5470328298450296785,
  "run_mode": "SMOKETEST | MMH‑RS V1",
  "system_tier": "HighEnd",
  "test_set_desc": "~50 MiB deterministic",
  "total_files": 99,
  "total_size_bytes": 52428800,
  "seed_output_size_bytes": 28308268,
  "pack_speed": 197.36704467718846,
  "unpack_speed": 89.01998444787166,
  "verify_speed": 270.8032970971025,
  "pack_time": 0.2533351,
  "unpack_time": 0.3032675,
  "verify_time": 0.0996918,
  "total_time": 0.6562943999999999,
  "compression_ratio": 1.852066682426491,
  "files_per_sec": 390.7867484608331,
  "peak_cpu_pct": 17.592058,
  "avg_cpu_pct": 12.95338,
  "peak_ram_mb": 18075,
  "peak_threads": 275,
  "thermal_throttling": false,
  "memory_pressure": "LOW",
  "input_hash": "5ecb42e4dd3c9b77573b3a81c399b725ef9f0e91f2ec05b4916831a311e807b4",
  "packed_hash": "6631fe3890b965c9d5b0ee954636c4b5155b254481073347d7b56acd656efaec",
  "unpacked_hash": "5ecb42e4dd3c9b77573b3a81c399b725ef9f0e91f2ec05b4916831a311e807b4",
  "seed_score": 343,
  "seed_score_formula": "(1.85×*185.7)/(1+0.0/4+17.6/100)+50",
  "overall_system_score": 859.0,
  "performance_tier": "Elite Performance",
  "warnings": [
    "⚠️  This is a CPU-only benchmark designed to stress test your processor",
    "   GPU acceleration will be available in V2, V3 will use both CPU+GPU",
    "Decompression speed below 100 MB/s - system may be underpowered"
  ],
  "errors": [],
  "os_info": "Windows",
  "cpu_info": "16 cores, 2400 MHz",
  "ram_info": "63.6 GB",
  "storage_info": "SSD: 1, HDD: 0",
  "original_score_v1_1": 716,
  "conversion_date": "2025-07-23 00:51:39"
}
