{
  "mmh_version": "1.2.0",
  "timestamp_utc": "2025-07-22T22:20:29.258278-04:00",
  "replay_seed": 9226678766626026305,
  "run_mode": "SMOKETEST | MMH‑RS V1",
  "system_tier": "HighEnd",
  "test_set_desc": "~50 MiB deterministic",
  "total_files": 104,
  "total_size_bytes": 52428800,
  "seed_output_size_bytes": 24713604,
  "pack_speed": 92.64533180555006,
  "unpack_speed": 56.71007390905968,
  "verify_speed": 55.07658301281825,
  "pack_time": 0.5396926,
  "unpack_time": 0.4156004,
  "verify_time": 0.4279265,
  "total_time": 1.3832195,
  "compression_ratio": 2.121455049615588,
  "files_per_sec": 192.70229015554412,
  "peak_cpu_pct": 51.582214,
  "avg_cpu_pct": 42.19842,
  "peak_ram_mb": 14749,
  "peak_threads": 253,
  "thermal_throttling": false,
  "memory_pressure": "LOW",
  "input_hash": "7e30d0323130412203f09ee0d25d8840bf6de8cdfa9f424cd1df4f850af708cb",
  "packed_hash": "ef489a68a3b9977732391d61862f9e29518f68f90bf3d9c77bc3dfece5cee3a7",
  "unpacked_hash": "7e30d0323130412203f09ee0d25d8840bf6de8cdfa9f424cd1df4f850af708cb",
  "seed_score": 145,
  "seed_score_formula": "(2.12×*68.1)/(1+0.0/4+51.6/100)+50",
  "overall_system_score": 871.0,
  "performance_tier": "Elite Performance",
  "warnings": [
    "⚠️  This is a CPU-only benchmark designed to stress test your processor",
    "   GPU acceleration will be available in V2, V3 will use both CPU+GPU",
    "Decompression speed below 100 MB/s - system may be underpowered"
  ],
  "errors": [],
  "os_info": "Windows",
  "cpu_info": "16 cores, 2400 MHz",
  "ram_info": "63.6 GB",
  "storage_info": "SSD: 1, HDD: 0",
  "original_score_v1_1": 726,
  "conversion_date": "2025-07-23 00:51:39"
}
