{
  "mmh_version": "1.2.0",
  "timestamp_utc": "2025-07-23T02:55:30.471445900+00:00",
  "replay_seed": 6179638990634869029,
  "run_mode": "SMOKETEST | MMH‑RS V1",
  "system_tier": "HighEnd",
  "test_set_desc": "~50 MiB deterministic",
  "total_files": 102,
  "total_size_bytes": 52428800,
  "seed_output_size_bytes": 24907833,
  "pack_speed": 195.08624567835196,
  "unpack_speed": 106.06411727813874,
  "verify_speed": 220.53257497726372,
  "pack_time": 0.2562969,
  "unpack_time": 0.2239585,
  "verify_time": 0.1077118,
  "total_time": 0.5879672,
  "compression_ratio": 2.104912137479001,
  "files_per_sec": 397.97594118383796,
  "peak_cpu_pct": 19.65684,
  "avg_cpu_pct": 16.32011,
  "peak_ram_mb": 15928,
  "peak_threads": 255,
  "thermal_throttling": false,
  "memory_pressure": "LOW",
  "input_hash": "d7ea0f25cd385635d0279825ba11a864990a6b14d239a92bb0107f2eb00dcb58",
  "packed_hash": "143239a3d57ab233cec5b2921f2af070a44c8aed952c338a0286ab218e609cc8",
  "unpacked_hash": "d7ea0f25cd385635d0279825ba11a864990a6b14d239a92bb0107f2eb00dcb58",
  "seed_score": 356,
  "seed_score_formula": "(2.10×*173.9)/(1+0.0/4+19.7/100)+50",
  "overall_system_score": 899.0,
  "performance_tier": "Elite Performance",
  "warnings": [
    "⚠️  This is a CPU-only benchmark designed to stress test your processor",
    "   GPU acceleration will be available in V2, V3 will use both CPU+GPU"
  ],
  "errors": [],
  "os_info": "Windows",
  "cpu_info": "16 cores, 2400 MHz",
  "ram_info": "63.6 GB",
  "storage_info": "SSD: 1, HDD: 0",
  "original_score_v1_1": 749,
  "conversion_date": "2025-07-23 00:51:39"
}
