{
  "mmh_version": "1.2.0",
  "timestamp_utc": "2025-07-23T04:33:34.336689600+00:00",
  "replay_seed": 2611204491207429967,
  "run_mode": "SMOKETEST | MMH‑RS V1",
  "system_tier": "HighEnd",
  "test_set_desc": "~50 MiB deterministic",
  "total_files": 102,
  "total_size_bytes": 52428800,
  "seed_output_size_bytes": 20425970,
  "pack_speed": 195.06737041772118,
  "unpack_speed": 89.80559659418299,
  "verify_speed": 96.37954575636789,
  "pack_time": 0.2563217,
  "unpack_time": 0.2169099,
  "verify_time": 0.2021147,
  "total_time": 0.6753463,
  "compression_ratio": 2.566771614762971,
  "files_per_sec": 397.9374356521512,
  "peak_cpu_pct": 14.944464,
  "avg_cpu_pct": 12.515011,
  "peak_ram_mb": 18401,
  "peak_threads": 271,
  "thermal_throttling": false,
  "memory_pressure": "LOW",
  "input_hash": "a0bd97aa1cbffad4cabf8f5381051cd1061a9e265a28074593fe6314541bb5ed",
  "packed_hash": "14a7fcf3be54bcead74ebcf4109e479510a69e8a4f164d05f8c3e32f2cb84ae6",
  "unpacked_hash": "a0bd97aa1cbffad4cabf8f5381051cd1061a9e265a28074593fe6314541bb5ed",
  "seed_score": 334,
  "seed_score_formula": "(2.57×*127.1)/(1+0.0/4+14.9/100)+50",
  "overall_system_score": 950.0,
  "performance_tier": "Elite Performance",
  "warnings": [
    "⚠️  This is a CPU-only benchmark designed to stress test your processor",
    "   GPU acceleration will be available in V2, V3 will use both CPU+GPU",
    "Decompression speed below 100 MB/s - system may be underpowered"
  ],
  "errors": [],
  "os_info": "Windows",
  "cpu_info": "16 cores, 2400 MHz",
  "ram_info": "63.6 GB",
  "storage_info": "SSD: 1, HDD: 0",
  "original_score_v1_1": 811,
  "conversion_date": "2025-07-23 00:51:39"
}
