{
  "mmh_version": "1.2.0",
  "timestamp_utc": "2025-07-22T22:27:38.363725200+00:00",
  "replay_seed": 4968625519010611049,
  "run_mode": "SMOKETEST | MMH‑RS V1",
  "system_tier": "HighEnd",
  "test_set_desc": "~50 MiB deterministic",
  "total_files": 88,
  "total_size_bytes": 52428800,
  "seed_output_size_bytes": 22615788,
  "pack_speed": 105.01975526616312,
  "unpack_speed": 49.70281948607465,
  "verify_speed": 171.12199259190325,
  "pack_time": 0.4761009,
  "unpack_time": 0.4339411,
  "verify_time": 0.1260393,
  "compression_ratio": 2.3182389222962296,
  "files_per_sec": 184.8347692684471,
  "peak_cpu_pct": 35.642963,
  "avg_cpu_pct": 26.217596,
  "peak_ram_mb": 19734716,
  "peak_threads": 326,
  "thermal_throttling": false,
  "memory_pressure": "LOW",
  "input_hash": "470fdeacd2b24adfe0e3f25d0a8449f6a4adef6fd77f20ff1e163043c4ab81d7",
  "packed_hash": "43bb15a40fac0945a6c5046a164c01a36ffdd8b31a0a5401b253807219bf0f1e",
  "unpacked_hash": "470fdeacd2b24adfe0e3f25d0a8449f6a4adef6fd77f20ff1e163043c4ab81d7",
  "seed_score": 92,
  "seed_score_formula": "(2.32×*108.6)/(1+18.8/4+35.6/100)+50",
  "overall_system_score": 200.0,
  "performance_tier": [
    "Entry Level",
    "Mainstream",
    "High Performance",
    "Enterprise",
    "Ultra Performance",
    "Elite Performance"
  ],
  "warnings": [
    "Decompression speed below 100 MB/s - system may be underpowered",
    "High memory usage detected - consider more RAM for larger datasets"
  ],
  "errors": [],
  "os_info": "Windows",
  "cpu_info": "16 cores, 2400 MHz",
  "ram_info": "63.6 GB",
  "storage_info": "SSD: 1, HDD: 0",
  "original_score_v1_1": 102,
  "conversion_date": "2025-07-23 00:51:38"
}
