{
  "mmh_version": "1.2.0",
  "timestamp_utc": "2025-07-23T05:11:01.722967700+00:00",
  "replay_seed": 7513101557240678538,
  "run_mode": "SMOKETEST | MMH‑RS V1",
  "system_tier": "HighEnd",
  "test_set_desc": "~50 MiB deterministic",
  "total_files": 106,
  "total_size_bytes": 52428800,
  "seed_output_size_bytes": 24576980,
  "pack_speed": 187.62014725179637,
  "unpack_speed": 103.17611102574679,
  "verify_speed": 214.41972537832493,
  "pack_time": 0.2664959,
  "unpack_time": 0.2271692,
  "verify_time": 0.109311,
  "total_time": 0.6029761,
  "compression_ratio": 2.1332482672810085,
  "files_per_sec": 397.7547121738083,
  "peak_cpu_pct": 15.513712,
  "avg_cpu_pct": 12.197221,
  "peak_ram_mb": 16168,
  "peak_threads": 255,
  "thermal_throttling": false,
  "memory_pressure": "LOW",
  "input_hash": "19c79af469d9eecbb22386760f56a46e71778d067d795eda16d972f4948bb683",
  "packed_hash": "8c036034285cfe90ee68acc48bed91ee3607519e5e414d64156af13ca3fdc9ea",
  "unpacked_hash": "19c79af469d9eecbb22386760f56a46e71778d067d795eda16d972f4948bb683",
  "seed_score": 361,
  "seed_score_formula": "(2.13×*168.4)/(1+0.0/4+15.5/100)+50",
  "overall_system_score": 633,
  "performance_tier": "Enterprise",
  "warnings": [
    "⚠️  This is a CPU-only benchmark designed to stress test your processor",
    "   GPU acceleration will be available in V2, V3 will use both CPU+GPU"
  ],
  "errors": [],
  "os_info": "Windows",
  "cpu_info": "16 cores, 2400 MHz",
  "ram_info": "63.6 GB",
  "storage_info": "SSD: 1, HDD: 0"
}