{
  "mmh_version": "1.2.0",
  "timestamp_utc": "2025-07-22T22:29:39.530823600+00:00",
  "replay_seed": 17636814086293437007,
  "run_mode": "Mainstream | MMH‑RS V1",
  "system_tier": "HighEnd",
  "test_set_desc": "2 GiB deterministic",
  "total_files": 4065,
  "total_size_bytes": 2147483648,
  "seed_output_size_bytes": 1008065200,
  "pack_speed": 77.79559732530835,
  "unpack_speed": 52.75896222276146,
  "verify_speed": 137.8174236108187,
  "pack_time": 26.3253972,
  "unpack_time": 18.2218499,
  "verify_time": 6.9756484,
  "compression_ratio": 2.130302333618897,
  "files_per_sec": 154.41362457391526,
  "peak_cpu_pct": 22.99628,
  "avg_cpu_pct": 22.053144,
  "peak_ram_mb": 22198180,
  "peak_threads": 326,
  "thermal_throttling": false,
  "memory_pressure": "LOW",
  "input_hash": "598ae950ab9cee850d64bc7344ef73e1fefb2410a215c7eac3a6b07da2fd9b34",
  "packed_hash": "ad719e380d57cae3e729b8132528d91d443fbd8d2dbc12c0976194417790f867",
  "unpacked_hash": "598ae950ab9cee850d64bc7344ef73e1fefb2410a215c7eac3a6b07da2fd9b34",
  "seed_score": 79,
  "seed_score_formula": "(2.13×*89.5)/(1+21.2/4+23.0/100)+50",
  "overall_system_score": 200.0,
  "performance_tier": [
    "Entry Level",
    "Mainstream",
    "High Performance",
    "Enterprise",
    "Ultra Performance",
    "Elite Performance"
  ],
  "warnings": [
    "Decompression speed below 100 MB/s - system may be underpowered",
    "High memory usage detected - consider more RAM for larger datasets"
  ],
  "errors": [],
  "os_info": "Windows",
  "cpu_info": "16 cores, 2400 MHz",
  "ram_info": "63.6 GB",
  "storage_info": "SSD: 1, HDD: 0",
  "original_score_v1_1": 89,
  "conversion_date": "2025-07-23 00:51:38"
}
