{
  "mmh_version": "1.2.0",
  "timestamp_utc": "2025-07-23T04:07:07.576222200+00:00",
  "replay_seed": 15350325974447767609,
  "run_mode": "SMOKETEST | MMH‑RS V1",
  "system_tier": "HighEnd",
  "test_set_desc": "~50 MiB deterministic",
  "total_files": 104,
  "total_size_bytes": 52428800,
  "seed_output_size_bytes": 25520997,
  "pack_speed": 182.69011189769355,
  "unpack_speed": 101.194731809377,
  "verify_speed": 212.81503675913874,
  "pack_time": 0.2736875,
  "unpack_time": 0.2405137,
  "verify_time": 0.1143656,
  "total_time": 0.6285668,
  "compression_ratio": 2.0543398049848913,
  "files_per_sec": 379.9954327472026,
  "peak_cpu_pct": 42.813324,
  "avg_cpu_pct": 28.439156,
  "peak_ram_mb": 17782,
  "peak_threads": 274,
  "thermal_throttling": false,
  "memory_pressure": "LOW",
  "input_hash": "be2f3baa6273d86325fdb7861afcb6640146191d5c594675d43aea4d13c47360",
  "packed_hash": "1733d2c97387dc1ec03ce7baea9649741eba06069ab411c99483f4bd6bfe613f",
  "unpacked_hash": "be2f3baa6273d86325fdb7861afcb6640146191d5c594675d43aea4d13c47360",
  "seed_score": 288,
  "seed_score_formula": "(2.05×*165.6)/(1+0.0/4+42.8/100)+50",
  "overall_system_score": 892.0,
  "performance_tier": "Elite Performance",
  "warnings": [
    "⚠️  This is a CPU-only benchmark designed to stress test your processor",
    "   GPU acceleration will be available in V2, V3 will use both CPU+GPU"
  ],
  "errors": [],
  "os_info": "Windows",
  "cpu_info": "16 cores, 2400 MHz",
  "ram_info": "63.6 GB",
  "storage_info": "SSD: 1, HDD: 0",
  "original_score_v1_1": 743,
  "conversion_date": "2025-07-23 00:51:39"
}
