{
  "mmh_version": "1.2.0",
  "timestamp_utc": "2025-07-23T04:46:15.352166200+00:00",
  "replay_seed": 10193680639563219343,
  "run_mode": "SMOKETEST | MMH‑RS V1",
  "system_tier": "HighEnd",
  "test_set_desc": "~50 MiB deterministic",
  "total_files": 104,
  "total_size_bytes": 52428800,
  "seed_output_size_bytes": 25789198,
  "pack_speed": 200.87307473201523,
  "unpack_speed": 83.1359958805191,
  "verify_speed": 238.61263021915005,
  "pack_time": 0.2489134,
  "unpack_time": 0.2958345,
  "verify_time": 0.1030729,
  "total_time": 0.6478208,
  "compression_ratio": 2.032975201477766,
  "files_per_sec": 417.81599544259166,
  "peak_cpu_pct": 26.256943,
  "avg_cpu_pct": 25.776249,
  "peak_ram_mb": 15778,
  "peak_threads": 252,
  "thermal_throttling": false,
  "memory_pressure": "LOW",
  "input_hash": "8538848a41583edd8411a1143f1cc184e68faedec65e1acf317083c050cac29d",
  "packed_hash": "b24b425d631ba65138fff5ca0b59541b674516a16e7f308dff1b7b9235c38f71",
  "unpacked_hash": "8538848a41583edd8411a1143f1cc184e68faedec65e1acf317083c050cac29d",
  "seed_score": 331,
  "seed_score_formula": "(2.03×*174.2)/(1+0.0/4+26.3/100)+50",
  "overall_system_score": 746.0,
  "performance_tier": [
    "Enterprise",
    "Ultra Performance",
    "Elite Performance"
  ],
  "warnings": [
    "⚠️  This is a CPU-only benchmark designed to stress test your processor",
    "   GPU acceleration will be available in V2, V3 will use both CPU+GPU",
    "Decompression speed below 100 MB/s - system may be underpowered"
  ],
  "errors": [],
  "os_info": "Windows",
  "cpu_info": "16 cores, 2400 MHz",
  "ram_info": "63.6 GB",
  "storage_info": "SSD: 1, HDD: 0",
  "original_score_v1_1": 622,
  "conversion_date": "2025-07-23 00:51:39"
}
