{
  "mmh_version": "1.2.0",
  "timestamp_utc": "2025-07-23T03:13:59.625144100+00:00",
  "replay_seed": 13468328375163522366,
  "run_mode": "SMOKETEST | MMH‑RS V1",
  "system_tier": "HighEnd",
  "test_set_desc": "~50 MiB deterministic",
  "total_files": 102,
  "total_size_bytes": 52428800,
  "seed_output_size_bytes": 27298225,
  "pack_speed": 186.60225654376794,
  "unpack_speed": 92.82179003860323,
  "verify_speed": 246.09349938299897,
  "pack_time": 0.2679496,
  "unpack_time": 0.2804688,
  "verify_time": 0.1057875,
  "total_time": 0.6542059000000001,
  "compression_ratio": 1.9205937382375593,
  "files_per_sec": 380.66860334928657,
  "peak_cpu_pct": 18.163958,
  "avg_cpu_pct": 15.215463,
  "peak_ram_mb": 16112,
  "peak_threads": 260,
  "thermal_throttling": false,
  "memory_pressure": "LOW",
  "input_hash": "02b3564b8e8515164867f08789d46b0d8a6949772424de616d60d56e9f6887b4",
  "packed_hash": "71c0adf1b5c835271a2725390a725263f88b87c658df56539ddba22f37385389",
  "unpacked_hash": "02b3564b8e8515164867f08789d46b0d8a6949772424de616d60d56e9f6887b4",
  "seed_score": 335,
  "seed_score_formula": "(1.92×*175.2)/(1+0.0/4+18.2/100)+50",
  "overall_system_score": 870.0,
  "performance_tier": "Elite Performance",
  "warnings": [
    "⚠️  This is a CPU-only benchmark designed to stress test your processor",
    "   GPU acceleration will be available in V2, V3 will use both CPU+GPU",
    "Decompression speed below 100 MB/s - system may be underpowered"
  ],
  "errors": [],
  "os_info": "Windows",
  "cpu_info": "16 cores, 2400 MHz",
  "ram_info": "63.6 GB",
  "storage_info": "SSD: 1, HDD: 0",
  "original_score_v1_1": 725,
  "conversion_date": "2025-07-23 00:51:39"
}
