{
  "mmh_version": "1.2.0",
  "timestamp_utc": "2025-07-23T03:35:35.065338200+00:00",
  "replay_seed": 11664797276208321393,
  "run_mode": "SMOKETEST | MMH‑RS V1",
  "system_tier": "HighEnd",
  "test_set_desc": "~50 MiB deterministic",
  "total_files": 110,
  "total_size_bytes": 52428800,
  "seed_output_size_bytes": 23541423,
  "pack_speed": 210.37289858511602,
  "unpack_speed": 64.42955028085449,
  "verify_speed": 223.03247594177108,
  "pack_time": 0.2376732,
  "unpack_time": 0.3484558,
  "verify_time": 0.1006618,
  "total_time": 0.6867908,
  "compression_ratio": 2.227087122133611,
  "files_per_sec": 462.8203768872553,
  "peak_cpu_pct": 24.938053,
  "avg_cpu_pct": 22.210972,
  "peak_ram_mb": 17693,
  "peak_threads": 268,
  "thermal_throttling": false,
  "memory_pressure": "LOW",
  "input_hash": "e4ee0245bba352bc3fc9aa86d7da679d1b273ea555ba636a38135dfeca74ace2",
  "packed_hash": "459edf0d3a1a3b055b1e34e0815f967b06120fa6311f19c36e494ba9625ab03a",
  "unpacked_hash": "e4ee0245bba352bc3fc9aa86d7da679d1b273ea555ba636a38135dfeca74ace2",
  "seed_score": 346,
  "seed_score_formula": "(2.23×*165.9)/(1+0.0/4+24.9/100)+50",
  "overall_system_score": 919.0,
  "performance_tier": "Elite Performance",
  "warnings": [
    "⚠️  This is a CPU-only benchmark designed to stress test your processor",
    "   GPU acceleration will be available in V2, V3 will use both CPU+GPU",
    "Decompression speed below 100 MB/s - system may be underpowered"
  ],
  "errors": [],
  "os_info": "Windows",
  "cpu_info": "16 cores, 2400 MHz",
  "ram_info": "63.6 GB",
  "storage_info": "SSD: 1, HDD: 0",
  "original_score_v1_1": 766,
  "conversion_date": "2025-07-23 00:51:39"
}
