{
  "mmh_version": "1.2.0",
  "timestamp_utc": "2025-07-23T02:29:57.442690900+00:00",
  "replay_seed": 566670059350359386,
  "run_mode": "Mainstream | MMH‑RS V1",
  "system_tier": "HighEnd",
  "test_set_desc": "2 GiB deterministic",
  "total_files": 4059,
  "total_size_bytes": 2147483648,
  "seed_output_size_bytes": 998550090,
  "pack_speed": 77.99561922066457,
  "unpack_speed": 59.39583939149016,
  "verify_speed": 110.56386076466953,
  "pack_time": 26.257885,
  "unpack_time": 16.0329677,
  "verify_time": 8.6130456,
  "total_time": 50.9038983,
  "compression_ratio": 2.1506018270951235,
  "files_per_sec": 154.5821378987683,
  "peak_cpu_pct": 24.252724,
  "avg_cpu_pct": 24.13297,
  "peak_ram_mb": 17515,
  "peak_threads": 252,
  "thermal_throttling": false,
  "memory_pressure": "LOW",
  "input_hash": "609b1ec7ff1d6885c644d195304ee3d92258fb94f158e5b0bf4460be3cb549d1",
  "packed_hash": "de5c082942657116ad0ce1c1295601ebaa63545c5d5932d11589f458e82af7f3",
  "unpacked_hash": "609b1ec7ff1d6885c644d195304ee3d92258fb94f158e5b0bf4460be3cb549d1",
  "seed_score": 193,
  "seed_score_formula": "(2.15×*82.7)/(1+0.0/4+24.3/100)+50",
  "overall_system_score": 865.0,
  "performance_tier": "Elite Performance",
  "warnings": [
    "⚠️  This is a CPU-only benchmark designed to stress test your processor",
    "   GPU acceleration will be available in V2, V3 will use both CPU+GPU",
    "Decompression speed below 100 MB/s - system may be underpowered"
  ],
  "errors": [],
  "os_info": "Windows",
  "cpu_info": "16 cores, 2400 MHz",
  "ram_info": "63.6 GB",
  "storage_info": "SSD: 1, HDD: 0",
  "original_score_v1_1": 721,
  "conversion_date": "2025-07-23 00:51:39"
}
