{
  "mmh_version": "1.2.0",
  "timestamp_utc": "2025-07-22T20:41:57.997263400+00:00",
  "replay_seed": 17794289511745588785,
  "run_mode": "SMOKETEST | MMH‑RS V1",
  "system_tier": "HighEnd",
  "test_set_desc": "~50 MiB deterministic",
  "total_files": 113,
  "total_size_bytes": 52428800,
  "seed_output_size_bytes": 22622124,
  "pack_speed": 235.57259216542099,
  "unpack_speed": 91.38707026286819,
  "verify_speed": 242.56767308282286,
  "pack_time": 0.2122488,
  "unpack_time": 0.2360743,
  "verify_time": 0.0889407,
  "compression_ratio": 2.3175896303989845,
  "files_per_sec": 532.3940582938513,
  "peak_cpu_pct": 27.721588,
  "avg_cpu_pct": 24.242786,
  "peak_ram_mb": 16521660,
  "peak_threads": 247,
  "thermal_throttling": false,
  "memory_pressure": "LOW",
  "input_hash": "721cab268c965175456a7aad1bf4b1ce1ea0337ce0d48f8a08a440b491e19126",
  "packed_hash": "228655082a3cd0e9cf0fae222bcba0691788cbd93a6bd319f0525b7c62271222",
  "unpacked_hash": "721cab268c965175456a7aad1bf4b1ce1ea0337ce0d48f8a08a440b491e19126",
  "seed_score": 134,
  "seed_score_formula": "(2.32×*189.8)/(1+15.8/4+27.7/100)+50",
  "overall_system_score": 200.0,
  "performance_tier": [
    "Entry Level",
    "Mainstream",
    "High Performance",
    "Enterprise",
    "Ultra Performance",
    "Elite Performance"
  ],
  "warnings": [
    "Decompression speed below 100 MB/s - system may be underpowered",
    "High memory usage detected - consider more RAM for larger datasets"
  ],
  "errors": [],
  "os_info": "Windows",
  "cpu_info": "16 cores, 2400 MHz",
  "ram_info": "63.6 GB",
  "storage_info": "SSD: 1, HDD: 0",
  "original_score_v1_1": 144,
  "conversion_date": "2025-07-23 00:51:38"
}
