{
  "mmh_version": "1.2.0",
  "timestamp_utc": "2025-07-23T04:12:42.795632500+00:00",
  "replay_seed": 5226903262328359851,
  "run_mode": "SMOKETEST | MMH‑RS V1",
  "system_tier": "HighEnd",
  "test_set_desc": "~50 MiB deterministic",
  "total_files": 110,
  "total_size_bytes": 52428800,
  "seed_output_size_bytes": 23761152,
  "pack_speed": 186.65241139983337,
  "unpack_speed": 69.55658122436758,
  "verify_speed": 232.32643636023906,
  "pack_time": 0.2678776,
  "unpack_time": 0.3257837,
  "verify_time": 0.0975369,
  "total_time": 0.6911982,
  "compression_ratio": 2.206492345152289,
  "files_per_sec": 410.6353050796334,
  "peak_cpu_pct": 25.604311,
  "avg_cpu_pct": 23.145744,
  "peak_ram_mb": 18008,
  "peak_threads": 272,
  "thermal_throttling": false,
  "memory_pressure": "LOW",
  "input_hash": "0f3f1ac225eb2759f655ceb29a3e965e363374869b3acda9d42e37ccdae5009c",
  "packed_hash": "b7580ae0f069f3ae95c84491b94e78ea6d15815ff5bace624b584f66027f5d81",
  "unpacked_hash": "0f3f1ac225eb2759f655ceb29a3e965e363374869b3acda9d42e37ccdae5009c",
  "seed_score": 336,
  "seed_score_formula": "(2.21×*162.8)/(1+0.0/4+25.6/100)+50",
  "overall_system_score": 916.0,
  "performance_tier": "Elite Performance",
  "warnings": [
    "⚠️  This is a CPU-only benchmark designed to stress test your processor",
    "   GPU acceleration will be available in V2, V3 will use both CPU+GPU",
    "Decompression speed below 100 MB/s - system may be underpowered"
  ],
  "errors": [],
  "os_info": "Windows",
  "cpu_info": "16 cores, 2400 MHz",
  "ram_info": "63.6 GB",
  "storage_info": "SSD: 1, HDD: 0",
  "original_score_v1_1": 763,
  "conversion_date": "2025-07-23 00:51:39"
}
