{
  "mmh_version": "1.2.0",
  "timestamp_utc": "2025-07-23T04:40:10.564421100+00:00",
  "replay_seed": 9206719511303069666,
  "run_mode": "SMOKETEST | MMH‑RS V1",
  "system_tier": "HighEnd",
  "test_set_desc": "~50 MiB deterministic",
  "total_files": 86,
  "total_size_bytes": 52428800,
  "seed_output_size_bytes": 21387920,
  "pack_speed": 87.85531985925577,
  "unpack_speed": 45.59575377520738,
  "verify_speed": 102.01365468862453,
  "pack_time": 0.5691175,
  "unpack_time": 0.4473467,
  "verify_time": 0.1999449,
  "total_time": 1.2164091000000001,
  "compression_ratio": 2.4513276653363207,
  "files_per_sec": 151.11115015791992,
  "peak_cpu_pct": 10.567895,
  "avg_cpu_pct": 10.1128235,
  "peak_ram_mb": 15323,
  "peak_threads": 251,
  "thermal_throttling": false,
  "memory_pressure": "LOW",
  "input_hash": "66368a4f77f0abc0754dbab67e0c2707e75a085e8c1d1fab1c1ec4d88c6d2724",
  "packed_hash": "308d14f59dec983707289de0be5c996a1037739deaaefc873d31300aadc82573",
  "unpacked_hash": "66368a4f77f0abc0754dbab67e0c2707e75a085e8c1d1fab1c1ec4d88c6d2724",
  "seed_score": 224,
  "seed_score_formula": "(2.45×*78.5)/(1+0.0/4+10.6/100)+50",
  "overall_system_score": 900.0,
  "performance_tier": "Elite Performance",
  "warnings": [
    "⚠️  This is a CPU-only benchmark designed to stress test your processor",
    "   GPU acceleration will be available in V2, V3 will use both CPU+GPU",
    "Decompression speed below 100 MB/s - system may be underpowered"
  ],
  "errors": [],
  "os_info": "Windows",
  "cpu_info": "16 cores, 2400 MHz",
  "ram_info": "63.6 GB",
  "storage_info": "SSD: 1, HDD: 0",
  "original_score_v1_1": 750,
  "conversion_date": "2025-07-23 00:51:39"
}
