{
  "mmh_version": "1.2.0",
  "timestamp_utc": "2025-07-22T22:10:52.134175100+00:00",
  "replay_seed": 252639529543330064,
  "run_mode": "Mainstream | MMH‑RS V1",
  "system_tier": "HighEnd",
  "test_set_desc": "2 GiB deterministic",
  "total_files": 3986,
  "total_size_bytes": 2147483648,
  "seed_output_size_bytes": 996930274,
  "pack_speed": 79.6397607416266,
  "unpack_speed": 55.783085715932565,
  "verify_speed": 123.93197974279775,
  "pack_time": 25.715798,
  "unpack_time": 17.0436394,
  "verify_time": 7.6715211,
  "compression_ratio": 2.15409613290568,
  "files_per_sec": 155.00199527154476,
  "peak_cpu_pct": 21.501957,
  "avg_cpu_pct": 19.6478,
  "peak_ram_mb": 21648940,
  "peak_threads": 331,
  "thermal_throttling": false,
  "memory_pressure": "LOW",
  "input_hash": "7969e00ecb4a78539f3708d59f9b548747b89181991e5b9aa3d198a742ae226b",
  "packed_hash": "32347d024f5fda8b5eeea1b08d6286b045f0e2fe1983414e210c6a0f41263233",
  "unpacked_hash": "7969e00ecb4a78539f3708d59f9b548747b89181991e5b9aa3d198a742ae226b",
  "seed_score": 79,
  "seed_score_formula": "(2.15×*86.5)/(1+20.6/4+21.5/100)+50",
  "overall_system_score": 200.0,
  "performance_tier": [
    "Entry Level",
    "Mainstream",
    "High Performance",
    "Enterprise",
    "Ultra Performance",
    "Elite Performance"
  ],
  "warnings": [
    "Decompression speed below 100 MB/s - system may be underpowered",
    "High memory usage detected - consider more RAM for larger datasets"
  ],
  "errors": [],
  "os_info": "Windows",
  "cpu_info": "16 cores, 2400 MHz",
  "ram_info": "63.6 GB",
  "storage_info": "SSD: 1, HDD: 0",
  "original_score_v1_1": 89,
  "conversion_date": "2025-07-23 00:51:38"
}
