{
  "mmh_version": "1.2.0",
  "timestamp_utc": "2025-07-23T02:43:04.187655800+00:00",
  "replay_seed": 14390519769606350486,
  "run_mode": "SMOKETEST | MMH‑RS V1",
  "system_tier": "HighEnd",
  "test_set_desc": "~50 MiB deterministic",
  "total_files": 101,
  "total_size_bytes": 52428800,
  "seed_output_size_bytes": 24016569,
  "pack_speed": 200.7163163899324,
  "unpack_speed": 91.79541849623799,
  "verify_speed": 224.2680979156344,
  "pack_time": 0.2491078,
  "unpack_time": 0.2495112,
  "verify_time": 0.1021277,
  "total_time": 0.6007467,
  "compression_ratio": 2.1830262266021427,
  "files_per_sec": 405.4469591076634,
  "peak_cpu_pct": 30.280176,
  "avg_cpu_pct": 27.928177,
  "peak_ram_mb": 14779,
  "peak_threads": 247,
  "thermal_throttling": false,
  "memory_pressure": "LOW",
  "input_hash": "dce1c26a9c8730be05d610ae8eda4a2531e398819ef0858a32194c1f1c296db7",
  "packed_hash": "f168c22174c662c9702684418de9d7ebcfedee6e5f8deebca4ef7068dfdf3085",
  "unpacked_hash": "dce1c26a9c8730be05d610ae8eda4a2531e398819ef0858a32194c1f1c296db7",
  "seed_score": 339,
  "seed_score_formula": "(2.18×*172.3)/(1+0.0/4+30.3/100)+50",
  "overall_system_score": 912.0,
  "performance_tier": "Elite Performance",
  "warnings": [
    "⚠️  This is a CPU-only benchmark designed to stress test your processor",
    "   GPU acceleration will be available in V2, V3 will use both CPU+GPU",
    "Decompression speed below 100 MB/s - system may be underpowered"
  ],
  "errors": [],
  "os_info": "Windows",
  "cpu_info": "16 cores, 2400 MHz",
  "ram_info": "63.6 GB",
  "storage_info": "SSD: 1, HDD: 0",
  "original_score_v1_1": 760,
  "conversion_date": "2025-07-23 00:51:39"
}
