{
  "mmh_version": "1.2.0",
  "timestamp_utc": "2025-07-23T04:46:23.623697700+00:00",
  "replay_seed": 3738703943235350429,
  "run_mode": "SMOKETEST | MMH‑RS V1",
  "system_tier": "HighEnd",
  "test_set_desc": "~50 MiB deterministic",
  "total_files": 101,
  "total_size_bytes": 52428800,
  "seed_output_size_bytes": 22392096,
  "pack_speed": 190.58567741010836,
  "unpack_speed": 88.37192694991704,
  "verify_speed": 202.98494107814767,
  "pack_time": 0.2623492,
  "unpack_time": 0.2416465,
  "verify_time": 0.1052037,
  "total_time": 0.6091994,
  "compression_ratio": 2.341397607441483,
  "files_per_sec": 384.98306836841886,
  "peak_cpu_pct": 29.126982,
  "avg_cpu_pct": 22.51265,
  "peak_ram_mb": 15596,
  "peak_threads": 249,
  "thermal_throttling": false,
  "memory_pressure": "LOW",
  "input_hash": "10faa1cb25ecb602f9dce226b2bf053f9e852475cdd64150d40390c23e9c6e74",
  "packed_hash": "992833bea58ec7b4350cf0c5cf7ed0e5461542369558e97d66fc6de0d70cf4a4",
  "unpacked_hash": "10faa1cb25ecb602f9dce226b2bf053f9e852475cdd64150d40390c23e9c6e74",
  "seed_score": 341,
  "seed_score_formula": "(2.34×*160.6)/(1+0.0/4+29.1/100)+50",
  "overall_system_score": 755.0,
  "performance_tier": [
    "Ultra Performance",
    "Elite Performance"
  ],
  "warnings": [
    "⚠️  This is a CPU-only benchmark designed to stress test your processor",
    "   GPU acceleration will be available in V2, V3 will use both CPU+GPU",
    "Decompression speed below 100 MB/s - system may be underpowered"
  ],
  "errors": [],
  "os_info": "Windows",
  "cpu_info": "16 cores, 2400 MHz",
  "ram_info": "63.6 GB",
  "storage_info": "SSD: 1, HDD: 0",
  "original_score_v1_1": 629,
  "conversion_date": "2025-07-23 00:51:39"
}
