{
  "mmh_version": "1.2.0",
  "timestamp_utc": "2025-07-22T21:39:46.354525100+00:00",
  "replay_seed": 4022815665725070759,
  "run_mode": "SMOKETEST | MMH‑RS V1",
  "system_tier": "HighEnd",
  "test_set_desc": "~50 MiB deterministic",
  "total_files": 89,
  "total_size_bytes": 52428800,
  "seed_output_size_bytes": 24933861,
  "pack_speed": 104.04792197571189,
  "unpack_speed": 57.464031413369646,
  "verify_speed": 167.53113430684468,
  "pack_time": 0.4805478,
  "unpack_time": 0.4138029,
  "verify_time": 0.1419365,
  "compression_ratio": 2.102714858320579,
  "files_per_sec": 185.20530111676715,
  "peak_cpu_pct": 25.609646,
  "avg_cpu_pct": 20.96439,
  "peak_ram_mb": 19640224,
  "peak_threads": 321,
  "thermal_throttling": false,
  "memory_pressure": "LOW",
  "input_hash": "91d646f7180a1cc5a8daab3fc89cdfa175b8fe853a5b20f4c6346830453448fb",
  "packed_hash": "60db12665db1cbcd50ba2c4207fb6a4c8d4abcbed91c1c5f649e34c6d1b5b7fc",
  "unpacked_hash": "91d646f7180a1cc5a8daab3fc89cdfa175b8fe853a5b20f4c6346830453448fb",
  "seed_score": 89,
  "seed_score_formula": "(2.10×*109.7)/(1+18.7/4+25.6/100)+50",
  "overall_system_score": 200.0,
  "performance_tier": [
    "Entry Level",
    "Mainstream",
    "High Performance",
    "Enterprise",
    "Ultra Performance",
    "Elite Performance"
  ],
  "warnings": [
    "Decompression speed below 100 MB/s - system may be underpowered",
    "High memory usage detected - consider more RAM for larger datasets"
  ],
  "errors": [],
  "os_info": "Windows",
  "cpu_info": "16 cores, 2400 MHz",
  "ram_info": "63.6 GB",
  "storage_info": "SSD: 1, HDD: 0",
  "original_score_v1_1": 99,
  "conversion_date": "2025-07-23 00:51:38"
}
