{
  "mmh_version": "1.2.0",
  "timestamp_utc": "2025-07-23T05:08:45.285339300+00:00",
  "replay_seed": 17010083563520103086,
  "run_mode": "SMOKETEST | MMH‑RS V1",
  "system_tier": "HighEnd",
  "test_set_desc": "~50 MiB deterministic",
  "total_files": 103,
  "total_size_bytes": 52428800,
  "seed_output_size_bytes": 25031477,
  "pack_speed": 107.2877569219915,
  "unpack_speed": 102.93675133787322,
  "verify_speed": 229.9068956689386,
  "pack_time": 0.4660364,
  "unpack_time": 0.2319082,
  "verify_time": 0.1038328,
  "total_time": 0.8017774,
  "compression_ratio": 2.0945148382574468,
  "files_per_sec": 221.01277925930248,
  "peak_cpu_pct": 11.02734,
  "avg_cpu_pct": 9.442105,
  "peak_ram_mb": 16148,
  "peak_threads": 258,
  "thermal_throttling": false,
  "memory_pressure": "LOW",
  "input_hash": "7378e4436c49f7f9657b6bb4d4ae2e68d605a534f78ee32b0a5e7c0b8745bc21",
  "packed_hash": "e21f9d4d9bec949ac2f1b7d7e490dfab160f4750650c596006ecf704338e749f",
  "unpacked_hash": "7378e4436c49f7f9657b6bb4d4ae2e68d605a534f78ee32b0a5e7c0b8745bc21",
  "seed_score": 327,
  "seed_score_formula": "(2.09×*146.7)/(1+0.0/4+11.0/100)+50",
  "overall_system_score": 551,
  "performance_tier": "High Performance",
  "warnings": [
    "⚠️  This is a CPU-only benchmark designed to stress test your processor",
    "   GPU acceleration will be available in V2, V3 will use both CPU+GPU"
  ],
  "errors": [],
  "os_info": "Windows",
  "cpu_info": "16 cores, 2400 MHz",
  "ram_info": "63.6 GB",
  "storage_info": "SSD: 1, HDD: 0"
}