{
  "mmh_version": "1.2.0",
  "timestamp_utc": "2025-07-23T04:11:30.310496200+00:00",
  "replay_seed": 2813208780784050205,
  "run_mode": "SMOKETEST | MMH‑RS V1",
  "system_tier": "HighEnd",
  "test_set_desc": "~50 MiB deterministic",
  "total_files": 102,
  "total_size_bytes": 52428800,
  "seed_output_size_bytes": 23751146,
  "pack_speed": 197.78887856870475,
  "unpack_speed": 71.45919810804361,
  "verify_speed": 222.16633817452922,
  "pack_time": 0.2527948,
  "unpack_time": 0.3169761,
  "verify_time": 0.1019545,
  "total_time": 0.6717253999999999,
  "compression_ratio": 2.2074219071366072,
  "files_per_sec": 403.48931228015766,
  "peak_cpu_pct": 14.3764715,
  "avg_cpu_pct": 13.220245,
  "peak_ram_mb": 17770,
  "peak_threads": 265,
  "thermal_throttling": false,
  "memory_pressure": "LOW",
  "input_hash": "85d70266b735681926acfff132821ce3e845ffe4e5925ac6fd90aded4ad47ef2",
  "packed_hash": "5724f9e25882aec090e27ec3feed00ef9018a196d5e8987282879cd9aa48cd06",
  "unpacked_hash": "85d70266b735681926acfff132821ce3e845ffe4e5925ac6fd90aded4ad47ef2",
  "seed_score": 366,
  "seed_score_formula": "(2.21×*163.8)/(1+0.0/4+14.4/100)+50",
  "overall_system_score": 916.0,
  "performance_tier": "Elite Performance",
  "warnings": [
    "⚠️  This is a CPU-only benchmark designed to stress test your processor",
    "   GPU acceleration will be available in V2, V3 will use both CPU+GPU",
    "Decompression speed below 100 MB/s - system may be underpowered"
  ],
  "errors": [],
  "os_info": "Windows",
  "cpu_info": "16 cores, 2400 MHz",
  "ram_info": "63.6 GB",
  "storage_info": "SSD: 1, HDD: 0",
  "original_score_v1_1": 763,
  "conversion_date": "2025-07-23 00:51:39"
}
