{
  "mmh_version": "1.2.0",
  "timestamp_utc": "2025-07-23T02:10:07.490501900+00:00",
  "replay_seed": 4646447489133911678,
  "run_mode": "SMOKETEST | MMH‑RS V1",
  "system_tier": "HighEnd",
  "test_set_desc": "~50 MiB deterministic",
  "total_files": 105,
  "total_size_bytes": 52428800,
  "seed_output_size_bytes": 26339365,
  "pack_speed": 9.802371064169124,
  "unpack_speed": 23.48951999288344,
  "verify_speed": 5.393998779986411,
  "pack_time": 5.1008067,
  "unpack_time": 1.069378,
  "verify_time": 4.6568746,
  "total_time": 10.8270593,
  "compression_ratio": 1.990511160766404,
  "files_per_sec": 20.584979234755163,
  "peak_cpu_pct": 22.56386,
  "avg_cpu_pct": 17.325579,
  "peak_ram_mb": 14451,
  "peak_threads": 250,
  "thermal_throttling": false,
  "memory_pressure": "LOW",
  "input_hash": "011f09cb8c1d66fc48a801f415fec2ae0f9b1670a652019297f2db4ca68bd514",
  "packed_hash": "4ed59ded180a47eeaae389887ad079cefdd74ab1f9c99adef9de9caf49018b1a",
  "unpacked_hash": "011f09cb8c1d66fc48a801f415fec2ae0f9b1670a652019297f2db4ca68bd514",
  "seed_score": 71,
  "seed_score_formula": "(1.99×*12.9)/(1+0.0/4+22.6/100)+50",
  "overall_system_score": 503.0,
  "performance_tier": [
    "High Performance",
    "Enterprise",
    "Ultra Performance",
    "Elite Performance"
  ],
  "warnings": [
    "⚠️  This is a CPU-only benchmark designed to stress test your processor",
    "   GPU acceleration will be available in V2, V3 will use both CPU+GPU",
    "Compression speed below 50 MB/s - consider faster storage",
    "Decompression speed below 100 MB/s - system may be underpowered"
  ],
  "errors": [],
  "os_info": "Windows",
  "cpu_info": "16 cores, 2400 MHz",
  "ram_info": "63.6 GB",
  "storage_info": "SSD: 1, HDD: 0",
  "original_score_v1_1": 419,
  "conversion_date": "2025-07-23 00:51:39"
}
