{
  "mmh_version": "1.2.0",
  "timestamp_utc": "2025-07-23T01:46:21.020261600+00:00",
  "replay_seed": 17182383320131562574,
  "run_mode": "SMOKETEST | MMH‑RS V1",
  "system_tier": "HighEnd",
  "test_set_desc": "~50 MiB deterministic",
  "total_files": 104,
  "total_size_bytes": 52428800,
  "seed_output_size_bytes": 25645097,
  "pack_speed": 29.787452821887534,
  "unpack_speed": 50.77466665666063,
  "verify_speed": 16.34254874645252,
  "pack_time": 1.6785591,
  "unpack_time": 0.4816786,
  "verify_time": 1.4965273,
  "total_time": 3.656765,
  "compression_ratio": 2.0443985842595955,
  "files_per_sec": 61.957901869526076,
  "peak_cpu_pct": 23.735516,
  "avg_cpu_pct": 19.530598,
  "peak_ram_mb": 14781,
  "peak_threads": 248,
  "thermal_throttling": false,
  "memory_pressure": "LOW",
  "input_hash": "fa9afbcb4582a3b0c66b1f7a0c77a2a7fe3b1833aaef7b068616bfe8d482e892",
  "packed_hash": "d519ce54f9a684cdb6c670edbc203e9cc9dd1287c814a5fedb08d276617ffb75",
  "unpacked_hash": "fa9afbcb4582a3b0c66b1f7a0c77a2a7fe3b1833aaef7b068616bfe8d482e892",
  "seed_score": 103,
  "seed_score_formula": "(2.04×*32.3)/(1+0.0/4+23.7/100)+50",
  "overall_system_score": 569.0,
  "performance_tier": [
    "High Performance",
    "Enterprise",
    "Ultra Performance",
    "Elite Performance"
  ],
  "warnings": [
    "⚠️  This is a CPU-only benchmark designed to stress test your processor",
    "   GPU acceleration will be available in V2, V3 will use both CPU+GPU",
    "Compression speed below 50 MB/s - consider faster storage",
    "Decompression speed below 100 MB/s - system may be underpowered"
  ],
  "errors": [],
  "os_info": "Windows",
  "cpu_info": "16 cores, 2400 MHz",
  "ram_info": "63.6 GB",
  "storage_info": "SSD: 1, HDD: 0",
  "original_score_v1_1": 474,
  "conversion_date": "2025-07-23 00:51:38"
}
