{
  "mmh_version": "1.2.0",
  "timestamp_utc": "2025-07-23T03:38:08.207376500+00:00",
  "replay_seed": 17249888147157298889,
  "run_mode": "SMOKETEST | MMH‑RS V1",
  "system_tier": "HighEnd",
  "test_set_desc": "~50 MiB deterministic",
  "total_files": 93,
  "total_size_bytes": 52428800,
  "seed_output_size_bytes": 30276754,
  "pack_speed": 148.94166520952072,
  "unpack_speed": 106.42102326348174,
  "verify_speed": 267.0005712262612,
  "pack_time": 0.3357019,
  "unpack_time": 0.2713201,
  "verify_time": 0.1081427,
  "total_time": 0.7151647,
  "compression_ratio": 1.7316519465726081,
  "files_per_sec": 277.0314972897085,
  "peak_cpu_pct": 31.949495,
  "avg_cpu_pct": 27.030014,
  "peak_ram_mb": 17483,
  "peak_threads": 261,
  "thermal_throttling": false,
  "memory_pressure": "LOW",
  "input_hash": "ad6c8c6f4e8c5e4697fb4fb6bbbf159aff8bfe5eb0e6344e152ee06236b9249e",
  "packed_hash": "54b0a9fbc3c8b9b8c84fef1cb4a208854d9e5002295ca18a5a035acd31e1016b",
  "unpacked_hash": "ad6c8c6f4e8c5e4697fb4fb6bbbf159aff8bfe5eb0e6344e152ee06236b9249e",
  "seed_score": 279,
  "seed_score_formula": "(1.73×*174.1)/(1+0.0/4+31.9/100)+50",
  "overall_system_score": 840.0,
  "performance_tier": [
    "Ultra Performance",
    "Elite Performance"
  ],
  "warnings": [
    "⚠️  This is a CPU-only benchmark designed to stress test your processor",
    "   GPU acceleration will be available in V2, V3 will use both CPU+GPU"
  ],
  "errors": [],
  "os_info": "Windows",
  "cpu_info": "16 cores, 2400 MHz",
  "ram_info": "63.6 GB",
  "storage_info": "SSD: 1, HDD: 0",
  "original_score_v1_1": 700,
  "conversion_date": "2025-07-23 00:51:39"
}
