{
  "mmh_version": "1.2.0",
  "timestamp_utc": "2025-07-23T03:41:59.245340100+00:00",
  "replay_seed": 15871411250327636604,
  "run_mode": "SMOKETEST | MMH‑RS V1",
  "system_tier": "HighEnd",
  "test_set_desc": "~50 MiB deterministic",
  "total_files": 111,
  "total_size_bytes": 52428800,
  "seed_output_size_bytes": 21248981,
  "pack_speed": 202.22610496343754,
  "unpack_speed": 58.35506492181996,
  "verify_speed": 197.2550926139059,
  "pack_time": 0.247248,
  "unpack_time": 0.3472639,
  "verify_time": 0.102733,
  "total_time": 0.6972449,
  "compression_ratio": 2.4673559640342284,
  "files_per_sec": 448.9419530188313,
  "peak_cpu_pct": 31.546322,
  "avg_cpu_pct": 26.44616,
  "peak_ram_mb": 17763,
  "peak_threads": 268,
  "thermal_throttling": false,
  "memory_pressure": "LOW",
  "input_hash": "0315495b643e672a52b638821b2468d7d54c4453b9e80ae0c8bc7215ed1641cc",
  "packed_hash": "c6fc4f1866bf16659bedc79a1b7da357734f9a49185b0377d94046a92671a0ba",
  "unpacked_hash": "0315495b643e672a52b638821b2468d7d54c4453b9e80ae0c8bc7215ed1641cc",
  "seed_score": 336,
  "seed_score_formula": "(2.47×*152.6)/(1+0.0/4+31.5/100)+50",
  "overall_system_score": 950.0,
  "performance_tier": "Elite Performance",
  "warnings": [
    "⚠️  This is a CPU-only benchmark designed to stress test your processor",
    "   GPU acceleration will be available in V2, V3 will use both CPU+GPU",
    "Decompression speed below 100 MB/s - system may be underpowered"
  ],
  "errors": [],
  "os_info": "Windows",
  "cpu_info": "16 cores, 2400 MHz",
  "ram_info": "63.6 GB",
  "storage_info": "SSD: 1, HDD: 0",
  "original_score_v1_1": 798,
  "conversion_date": "2025-07-23 00:51:39"
}
