{
  "mmh_version": "1.2.0",
  "timestamp_utc": "2025-07-23T03:53:01.612503400+00:00",
  "replay_seed": 14224169311712262174,
  "run_mode": "SMOKETEST | MMH‑RS V1",
  "system_tier": "HighEnd",
  "test_set_desc": "~50 MiB deterministic",
  "total_files": 105,
  "total_size_bytes": 52428800,
  "seed_output_size_bytes": 24081984,
  "pack_speed": 195.20894775349637,
  "unpack_speed": 70.21924473152028,
  "verify_speed": 222.25418622857427,
  "pack_time": 0.2561358,
  "unpack_time": 0.3270666,
  "verify_time": 0.1033338,
  "total_time": 0.6865362,
  "compression_ratio": 2.1770963721261505,
  "files_per_sec": 409.9387902823424,
  "peak_cpu_pct": 28.23922,
  "avg_cpu_pct": 24.545761,
  "peak_ram_mb": 17565,
  "peak_threads": 267,
  "thermal_throttling": false,
  "memory_pressure": "LOW",
  "input_hash": "cf7b5118ce84f4948e9c394d466d9f3ccb1919d319425930df2aaa4ba4a94b3d",
  "packed_hash": "fd230270c4406fecf3f5f62b865c710e2bd25361c6d0b8d95326cfb81f43ecf7",
  "unpacked_hash": "cf7b5118ce84f4948e9c394d466d9f3ccb1919d319425930df2aaa4ba4a94b3d",
  "seed_score": 326,
  "seed_score_formula": "(2.18×*162.6)/(1+0.0/4+28.2/100)+50",
  "overall_system_score": 911.0,
  "performance_tier": "Elite Performance",
  "warnings": [
    "⚠️  This is a CPU-only benchmark designed to stress test your processor",
    "   GPU acceleration will be available in V2, V3 will use both CPU+GPU",
    "Decompression speed below 100 MB/s - system may be underpowered"
  ],
  "errors": [],
  "os_info": "Windows",
  "cpu_info": "16 cores, 2400 MHz",
  "ram_info": "63.6 GB",
  "storage_info": "SSD: 1, HDD: 0",
  "original_score_v1_1": 759,
  "conversion_date": "2025-07-23 00:51:39"
}
