{
  "mmh_version": "1.2.0",
  "timestamp_utc": "2025-07-23T04:21:00.714940100+00:00",
  "replay_seed": 16184643466385006553,
  "run_mode": "SMOKETEST | MMH‑RS V1",
  "system_tier": "HighEnd",
  "test_set_desc": "~50 MiB deterministic",
  "total_files": 103,
  "total_size_bytes": 52428800,
  "seed_output_size_bytes": 27708542,
  "pack_speed": 189.99154917589266,
  "unpack_speed": 76.7397906760929,
  "verify_speed": 250.4193396346366,
  "pack_time": 0.2631696,
  "unpack_time": 0.3443445,
  "verify_time": 0.1055227,
  "total_time": 0.7130367999999999,
  "compression_ratio": 1.892152968568321,
  "files_per_sec": 391.3825913023389,
  "peak_cpu_pct": 37.89989,
  "avg_cpu_pct": 26.876263,
  "peak_ram_mb": 17851,
  "peak_threads": 268,
  "thermal_throttling": false,
  "memory_pressure": "LOW",
  "input_hash": "3dd0da12300a458792f53d6ea0829fc00bf274f0e2f4ed41063334559686ebd9",
  "packed_hash": "2c9ef2f0db01741dbffa52ebf98caef4381357a9fcae542dcf1f5313cff14188",
  "unpacked_hash": "3dd0da12300a458792f53d6ea0829fc00bf274f0e2f4ed41063334559686ebd9",
  "seed_score": 287,
  "seed_score_formula": "(1.89×*172.4)/(1+0.0/4+37.9/100)+50",
  "overall_system_score": 866.0,
  "performance_tier": "Elite Performance",
  "warnings": [
    "⚠️  This is a CPU-only benchmark designed to stress test your processor",
    "   GPU acceleration will be available in V2, V3 will use both CPU+GPU",
    "Decompression speed below 100 MB/s - system may be underpowered"
  ],
  "errors": [],
  "os_info": "Windows",
  "cpu_info": "16 cores, 2400 MHz",
  "ram_info": "63.6 GB",
  "storage_info": "SSD: 1, HDD: 0",
  "original_score_v1_1": 722,
  "conversion_date": "2025-07-23 00:51:39"
}
