{
  "mmh_version": "1.2.0",
  "timestamp_utc": "2025-07-22T23:29:49.879095100+00:00",
  "replay_seed": 15866708998542232163,
  "run_mode": "Mainstream | MMH‑RS V1",
  "system_tier": "HighEnd",
  "test_set_desc": "8 GiB deterministic",
  "total_files": 16136,
  "total_size_bytes": 8589934592,
  "seed_output_size_bytes": 3989220494,
  "pack_speed": 71.32572588627443,
  "unpack_speed": 48.133215556811614,
  "verify_speed": 134.07082365482373,
  "pack_time": 114.8533702,
  "unpack_time": 79.0393304,
  "verify_time": 28.3761748,
  "compression_ratio": 2.1532864891573977,
  "files_per_sec": 140.4921768677886,
  "peak_cpu_pct": 27.561016,
  "avg_cpu_pct": 25.062416,
  "peak_ram_mb": 24566776,
  "peak_threads": 327,
  "thermal_throttling": false,
  "memory_pressure": "LOW",
  "input_hash": "49b1573ed0614e7ef4283e28b4ee70d4f0181c98ca6ffbf253990bf7091df92d",
  "packed_hash": "90d3c97c772c6e6729e8986069e3c901038f76b3a140b16057204716c2b56910",
  "unpacked_hash": "49b1573ed0614e7ef4283e28b4ee70d4f0181c98ca6ffbf253990bf7091df92d",
  "seed_score": 76,
  "seed_score_formula": "(2.15×*84.5)/(1+23.4/4+27.6/100)+50",
  "overall_system_score": 455.0,
  "performance_tier": [
    "High Performance",
    "Enterprise",
    "Ultra Performance",
    "Elite Performance"
  ],
  "warnings": [
    "Decompression speed below 100 MB/s - system may be underpowered",
    "High memory usage detected - consider more RAM for larger datasets"
  ],
  "errors": [],
  "os_info": "Windows",
  "cpu_info": "16 cores, 2400 MHz",
  "ram_info": "63.6 GB",
  "storage_info": "SSD: 1, HDD: 0",
  "conversion_notes": "Converted to V1.2.0 1000-point scoring system",
  "original_score_v1_1": 379.0,
  "conversion_date": "2025-07-23 00:51:38"
}
