{
  "mmh_version": "1.2.0",
  "timestamp_utc": "2025-07-23T04:10:52.874902500+00:00",
  "replay_seed": 7834977520581617662,
  "run_mode": "SMOKETEST | MMH‑RS V1",
  "system_tier": "HighEnd",
  "test_set_desc": "~50 MiB deterministic",
  "total_files": 106,
  "total_size_bytes": 52428800,
  "seed_output_size_bytes": 24657450,
  "pack_speed": 181.02280054581993,
  "unpack_speed": 87.43303799942254,
  "verify_speed": 244.33154833313716,
  "pack_time": 0.2762083,
  "unpack_time": 0.2689507,
  "verify_time": 0.0962429,
  "total_time": 0.6414019,
  "compression_ratio": 2.1262863759228954,
  "files_per_sec": 383.76833715713826,
  "peak_cpu_pct": 19.407084,
  "avg_cpu_pct": 15.381844,
  "peak_ram_mb": 17690,
  "peak_threads": 265,
  "thermal_throttling": false,
  "memory_pressure": "LOW",
  "input_hash": "8dabb3aff13f3b3b56c8dda467cd91b5ca6ff57ed9eeb32a5001d5d4e848bcdf",
  "packed_hash": "473e17e97c06dede1d67e7c9c32ca038324f081c2de4009564af800be23109d7",
  "unpacked_hash": "8dabb3aff13f3b3b56c8dda467cd91b5ca6ff57ed9eeb32a5001d5d4e848bcdf",
  "seed_score": 354,
  "seed_score_formula": "(2.13×*170.9)/(1+0.0/4+19.4/100)+50",
  "overall_system_score": 902.0,
  "performance_tier": "Elite Performance",
  "warnings": [
    "⚠️  This is a CPU-only benchmark designed to stress test your processor",
    "   GPU acceleration will be available in V2, V3 will use both CPU+GPU",
    "Decompression speed below 100 MB/s - system may be underpowered"
  ],
  "errors": [],
  "os_info": "Windows",
  "cpu_info": "16 cores, 2400 MHz",
  "ram_info": "63.6 GB",
  "storage_info": "SSD: 1, HDD: 0",
  "original_score_v1_1": 752,
  "conversion_date": "2025-07-23 00:51:39"
}
