{
  "mmh_version": "1.2.0",
  "timestamp_utc": "2025-07-23T03:35:51.710595100+00:00",
  "replay_seed": 11974062042803199181,
  "run_mode": "SMOKETEST | MMH‑RS V1",
  "system_tier": "HighEnd",
  "test_set_desc": "~50 MiB deterministic",
  "total_files": 104,
  "total_size_bytes": 52428800,
  "seed_output_size_bytes": 22632728,
  "pack_speed": 207.27665422315818,
  "unpack_speed": 76.4385226820054,
  "verify_speed": 212.06750046235555,
  "pack_time": 0.2412235,
  "unpack_time": 0.282374,
  "verify_time": 0.1017801,
  "total_time": 0.6253776000000001,
  "compression_ratio": 2.316503781603349,
  "files_per_sec": 431.135440784169,
  "peak_cpu_pct": 28.86363,
  "avg_cpu_pct": 24.635944,
  "peak_ram_mb": 17720,
  "peak_threads": 269,
  "thermal_throttling": false,
  "memory_pressure": "LOW",
  "input_hash": "fbc22891ef8da914d55a57a93dac2d2ec076f8358d4b981af4f9134aa079dc5e",
  "packed_hash": "e81d3fdd8d4594bfa898b12ffff8ba7c1177389e013b6dbd784c843f67e7c8fb",
  "unpacked_hash": "fbc22891ef8da914d55a57a93dac2d2ec076f8358d4b981af4f9134aa079dc5e",
  "seed_score": 347,
  "seed_score_formula": "(2.32×*165.3)/(1+0.0/4+28.9/100)+50",
  "overall_system_score": 934.0,
  "performance_tier": "Elite Performance",
  "warnings": [
    "⚠️  This is a CPU-only benchmark designed to stress test your processor",
    "   GPU acceleration will be available in V2, V3 will use both CPU+GPU",
    "Decompression speed below 100 MB/s - system may be underpowered"
  ],
  "errors": [],
  "os_info": "Windows",
  "cpu_info": "16 cores, 2400 MHz",
  "ram_info": "63.6 GB",
  "storage_info": "SSD: 1, HDD: 0",
  "original_score_v1_1": 778,
  "conversion_date": "2025-07-23 00:51:39"
}
