{
  "mmh_version": "1.2.0",
  "timestamp_utc": "2025-07-22T23:49:55.124075400+00:00",
  "replay_seed": 14963072694260947182,
  "run_mode": "SMOKETEST | MMH‑RS V1",
  "system_tier": "HighEnd",
  "test_set_desc": "~50 MiB deterministic",
  "total_files": 101,
  "total_size_bytes": 52428800,
  "seed_output_size_bytes": 23091278,
  "pack_speed": 195.08221154558956,
  "unpack_speed": 78.47107950886952,
  "verify_speed": 251.5266284293683,
  "pack_time": 0.2563022,
  "unpack_time": 0.2806328,
  "verify_time": 0.0875516,
  "compression_ratio": 2.270502308274146,
  "files_per_sec": 394.06606732209093,
  "peak_cpu_pct": 31.265642,
  "avg_cpu_pct": 24.54158,
  "peak_ram_mb": 19974200,
  "peak_threads": 325,
  "thermal_throttling": false,
  "memory_pressure": "LOW",
  "input_hash": "1c440723ce701a6e6ddec3a63c6323d0bab213a9aa35fcfba1294772b5b33ee8",
  "packed_hash": "89b9a2b12ab6f7637d28e3fcec6a3f63013136890e36c2dbc54108bfa852c626",
  "unpacked_hash": "1c440723ce701a6e6ddec3a63c6323d0bab213a9aa35fcfba1294772b5b33ee8",
  "seed_score": 115,
  "seed_score_formula": "(2.27×*175.0)/(1+19.0/4+31.3/100)+50",
  "overall_system_score": 200.0,
  "performance_tier": [
    "Entry Level",
    "Mainstream",
    "High Performance",
    "Enterprise",
    "Ultra Performance",
    "Elite Performance"
  ],
  "warnings": [
    "Decompression speed below 100 MB/s - system may be underpowered",
    "High memory usage detected - consider more RAM for larger datasets"
  ],
  "errors": [],
  "os_info": "Windows",
  "cpu_info": "16 cores, 2400 MHz",
  "ram_info": "63.6 GB",
  "storage_info": "SSD: 1, HDD: 0",
  "original_score_v1_1": 125,
  "conversion_date": "2025-07-23 00:51:38"
}
