{
  "mmh_version": "1.2.0",
  "timestamp_utc": "2025-07-23T03:29:53.155631200+00:00",
  "replay_seed": 298013833700374290,
  "run_mode": "SMOKETEST | MMH‑RS V1",
  "system_tier": "HighEnd",
  "test_set_desc": "~50 MiB deterministic",
  "total_files": 98,
  "total_size_bytes": 52428800,
  "seed_output_size_bytes": 23582841,
  "pack_speed": 197.60010717829815,
  "unpack_speed": 80.9570047943234,
  "verify_speed": 215.8960966476848,
  "pack_time": 0.2530363,
  "unpack_time": 0.2778061,
  "verify_time": 0.1041721,
  "total_time": 0.6350145,
  "compression_ratio": 2.2231757403613925,
  "files_per_sec": 387.29621006946434,
  "peak_cpu_pct": 17.166643,
  "avg_cpu_pct": 16.778587,
  "peak_ram_mb": 17186,
  "peak_threads": 254,
  "thermal_throttling": false,
  "memory_pressure": "LOW",
  "input_hash": "68e647af87fc8a9309eabcd8b89bcbb1f788e9c5bb31559f4d98d29331b28bc8",
  "packed_hash": "0c3e585a9dff1e80f934621925631d7aa151285ea5479a88de3d58798c8bb2ef",
  "unpacked_hash": "68e647af87fc8a9309eabcd8b89bcbb1f788e9c5bb31559f4d98d29331b28bc8",
  "seed_score": 363,
  "seed_score_formula": "(2.22×*164.8)/(1+0.0/4+17.2/100)+50",
  "overall_system_score": 918.0,
  "performance_tier": "Elite Performance",
  "warnings": [
    "⚠️  This is a CPU-only benchmark designed to stress test your processor",
    "   GPU acceleration will be available in V2, V3 will use both CPU+GPU",
    "Decompression speed below 100 MB/s - system may be underpowered"
  ],
  "errors": [],
  "os_info": "Windows",
  "cpu_info": "16 cores, 2400 MHz",
  "ram_info": "63.6 GB",
  "storage_info": "SSD: 1, HDD: 0",
  "original_score_v1_1": 765,
  "conversion_date": "2025-07-23 00:51:39"
}
