{
  "mmh_version": "1.2.0",
  "timestamp_utc": "2025-07-22T21:30:37.905214400+00:00",
  "replay_seed": 263782422006318822,
  "run_mode": "SMOKETEST | MMH‑RS V1",
  "system_tier": "HighEnd",
  "test_set_desc": "~50 MiB deterministic",
  "total_files": 90,
  "total_size_bytes": 52428800,
  "seed_output_size_bytes": 23791876,
  "pack_speed": 92.0440441796685,
  "unpack_speed": 54.411557465194406,
  "verify_speed": 136.41031778384883,
  "pack_time": 0.5432182,
  "unpack_time": 0.4170015,
  "verify_time": 0.1663342,
  "compression_ratio": 2.2036429577894574,
  "files_per_sec": 165.6792795234033,
  "peak_cpu_pct": 40.5839,
  "avg_cpu_pct": 29.106358,
  "peak_ram_mb": 19356528,
  "peak_threads": 318,
  "thermal_throttling": false,
  "memory_pressure": "LOW",
  "input_hash": "f0ce5ec214903e360e1c5e9578be99074adf5f2e83750549a9dc4b624a41c8e0",
  "packed_hash": "e2314e9f597d1947e32a9856e6df0ddfa5a3b61578fdcaef19ecf2894e7970b2",
  "unpacked_hash": "f0ce5ec214903e360e1c5e9578be99074adf5f2e83750549a9dc4b624a41c8e0",
  "seed_score": 85,
  "seed_score_formula": "(2.20×*94.3)/(1+18.5/4+40.6/100)+50",
  "overall_system_score": 200.0,
  "performance_tier": [
    "Entry Level",
    "Mainstream",
    "High Performance",
    "Enterprise",
    "Ultra Performance",
    "Elite Performance"
  ],
  "warnings": [
    "Decompression speed below 100 MB/s - system may be underpowered",
    "High memory usage detected - consider more RAM for larger datasets"
  ],
  "errors": [],
  "os_info": "Windows",
  "cpu_info": "16 cores, 2400 MHz",
  "ram_info": "63.6 GB",
  "storage_info": "SSD: 1, HDD: 0",
  "original_score_v1_1": 95,
  "conversion_date": "2025-07-23 00:51:38"
}
