{
  "mmh_version": "1.2.0",
  "timestamp_utc": "2025-07-23T04:33:50.189015200+00:00",
  "replay_seed": 14477817869488582668,
  "run_mode": "SMOKETEST | MMH‑RS V1",
  "system_tier": "HighEnd",
  "test_set_desc": "~50 MiB deterministic",
  "total_files": 91,
  "total_size_bytes": 52428800,
  "seed_output_size_bytes": 27731421,
  "pack_speed": 95.79127617352934,
  "unpack_speed": 61.20925487975108,
  "verify_speed": 160.25590756700325,
  "pack_time": 0.5219682,
  "unpack_time": 0.432071,
  "verify_time": 0.1650282,
  "total_time": 1.1190674,
  "compression_ratio": 1.8905919029536928,
  "files_per_sec": 174.3401226358234,
  "peak_cpu_pct": 30.764172,
  "avg_cpu_pct": 21.151705,
  "peak_ram_mb": 18504,
  "peak_threads": 270,
  "thermal_throttling": false,
  "memory_pressure": "LOW",
  "input_hash": "957c36169c6efab92b1c0693632df6ad1772dd1b39d82ac3d45c07dd0be3cf3e",
  "packed_hash": "17ae910964dba0c58e8d25fb880ddde28ec8cb8513d672afb58402812454d93e",
  "unpacked_hash": "957c36169c6efab92b1c0693632df6ad1772dd1b39d82ac3d45c07dd0be3cf3e",
  "seed_score": 203,
  "seed_score_formula": "(1.89×*105.8)/(1+0.0/4+30.8/100)+50",
  "overall_system_score": 847.0,
  "performance_tier": [
    "Ultra Performance",
    "Elite Performance"
  ],
  "warnings": [
    "⚠️  This is a CPU-only benchmark designed to stress test your processor",
    "   GPU acceleration will be available in V2, V3 will use both CPU+GPU",
    "Decompression speed below 100 MB/s - system may be underpowered"
  ],
  "errors": [],
  "os_info": "Windows",
  "cpu_info": "16 cores, 2400 MHz",
  "ram_info": "63.6 GB",
  "storage_info": "SSD: 1, HDD: 0",
  "original_score_v1_1": 706,
  "conversion_date": "2025-07-23 00:51:39"
}
