{
  "mmh_version": "1.2.0",
  "timestamp_utc": "2025-07-23T00:33:52.717060600+00:00",
  "replay_seed": 15534671836369653892,
  "run_mode": "SMOKETEST | MMH‑RS V1",
  "system_tier": "HighEnd",
  "test_set_desc": "~50 MiB deterministic",
  "total_files": 106,
  "total_size_bytes": 52428800,
  "seed_output_size_bytes": 24654262,
  "pack_speed": 211.83801678943385,
  "unpack_speed": 83.22682775081294,
  "verify_speed": 266.2237532366355,
  "pack_time": 0.2360294,
  "unpack_time": 0.2825067,
  "verify_time": 0.0883172,
  "compression_ratio": 2.1265613223385067,
  "files_per_sec": 449.0965955935998,
  "peak_cpu_pct": 19.219093,
  "avg_cpu_pct": 17.095457,
  "peak_ram_mb": 13833756,
  "peak_threads": 326,
  "thermal_throttling": false,
  "memory_pressure": "LOW",
  "input_hash": "80f4067beee5995c953893f017b1be97bb21c20f24ccd95ecf243f6670c79005",
  "packed_hash": "16aa28202d361dbf89b52cadc857464829f4c8da28263e6a39109cdedc4bfbcd",
  "unpacked_hash": "80f4067beee5995c953893f017b1be97bb21c20f24ccd95ecf243f6670c79005",
  "seed_score": 139,
  "seed_score_formula": "(2.13×*187.1)/(1+13.2/4+19.2/100)+50",
  "overall_system_score": 200.0,
  "performance_tier": [
    "Entry Level",
    "Mainstream",
    "High Performance",
    "Enterprise",
    "Ultra Performance",
    "Elite Performance"
  ],
  "warnings": [
    "Decompression speed below 100 MB/s - system may be underpowered",
    "High memory usage detected - consider more RAM for larger datasets"
  ],
  "errors": [],
  "os_info": "Windows",
  "cpu_info": "16 cores, 2400 MHz",
  "ram_info": "63.6 GB",
  "storage_info": "SSD: 1, HDD: 0",
  "original_score_v1_1": 149,
  "conversion_date": "2025-07-23 00:51:38"
}
