{
  "mmh_version": "1.2.0",
  "timestamp_utc": "2025-07-23T00:34:37.740512600+00:00",
  "replay_seed": 797016498434288489,
  "run_mode": "SMOKETEST | MMH‑RS V1",
  "system_tier": "HighEnd",
  "test_set_desc": "~50 MiB deterministic",
  "total_files": 97,
  "total_size_bytes": 52428800,
  "seed_output_size_bytes": 23575805,
  "pack_speed": 195.54333279363377,
  "unpack_speed": 89.41925359379786,
  "verify_speed": 245.80450463434903,
  "pack_time": 0.2556978,
  "unpack_time": 0.2514407,
  "verify_time": 0.0914696,
  "compression_ratio": 2.2238392283953825,
  "files_per_sec": 379.3540656196495,
  "peak_cpu_pct": 15.402262,
  "avg_cpu_pct": 14.193175,
  "peak_ram_mb": 13910928,
  "peak_threads": 326,
  "thermal_throttling": false,
  "memory_pressure": "LOW",
  "input_hash": "8661d02df8468c11312b5c8d37c25d06fc1b5a47f0758f13d0b839ed58ae30c0",
  "packed_hash": "8880b04899eb96a044b1d6b7ff6f0e1b899dbf6a76c418d8ec1dfb3c1e66078c",
  "unpacked_hash": "8661d02df8468c11312b5c8d37c25d06fc1b5a47f0758f13d0b839ed58ae30c0",
  "seed_score": 138,
  "seed_score_formula": "(2.22×*176.9)/(1+13.3/4+15.4/100)+50",
  "overall_system_score": 200.0,
  "performance_tier": [
    "Entry Level",
    "Mainstream",
    "High Performance",
    "Enterprise",
    "Ultra Performance",
    "Elite Performance"
  ],
  "warnings": [
    "Decompression speed below 100 MB/s - system may be underpowered",
    "High memory usage detected - consider more RAM for larger datasets"
  ],
  "errors": [],
  "os_info": "Windows",
  "cpu_info": "16 cores, 2400 MHz",
  "ram_info": "63.6 GB",
  "storage_info": "SSD: 1, HDD: 0",
  "original_score_v1_1": 148,
  "conversion_date": "2025-07-23 00:51:38"
}
