{
  "mmh_version": "1.2.0",
  "timestamp_utc": "2025-07-22T20:43:48.135784600+00:00",
  "replay_seed": 6575276701218571578,
  "run_mode": "Mainstream | MMH‑RS V1",
  "system_tier": "HighEnd",
  "test_set_desc": "1 GiB deterministic",
  "total_files": 2067,
  "total_size_bytes": 1073741824,
  "seed_output_size_bytes": 494981744,
  "pack_speed": 241.63691453163105,
  "unpack_speed": 94.05132649994113,
  "verify_speed": 270.94770425670686,
  "pack_time": 4.2377631000000004,
  "unpack_time": 5.0190826,
  "verify_time": 1.7422232,
  "compression_ratio": 2.1692554059125055,
  "files_per_sec": 487.75732650086076,
  "peak_cpu_pct": 33.537945,
  "avg_cpu_pct": 28.781368,
  "peak_ram_mb": 18366424,
  "peak_threads": 252,
  "thermal_throttling": false,
  "memory_pressure": "LOW",
  "input_hash": "f75a855df6768ea9055583fb092eb4df86c6a7e86e9efdbe98b8a4f8b222b465",
  "packed_hash": "4740fff2f7226b6071b682b0abfd3b7774ca38008c9d72153ab8f17fb6a1e750",
  "unpacked_hash": "f75a855df6768ea9055583fb092eb4df86c6a7e86e9efdbe98b8a4f8b222b465",
  "seed_score": 127,
  "seed_score_formula": "(2.17×*202.2)/(1+17.5/4+33.5/100)+50",
  "overall_system_score": 200.0,
  "performance_tier": [
    "Entry Level",
    "Mainstream",
    "High Performance",
    "Enterprise",
    "Ultra Performance",
    "Elite Performance"
  ],
  "warnings": [
    "Decompression speed below 100 MB/s - system may be underpowered",
    "High memory usage detected - consider more RAM for larger datasets"
  ],
  "errors": [],
  "os_info": "Windows",
  "cpu_info": "16 cores, 2400 MHz",
  "ram_info": "63.6 GB",
  "storage_info": "SSD: 1, HDD: 0",
  "original_score_v1_1": 137,
  "conversion_date": "2025-07-23 00:51:38"
}
