{
  "mmh_version": "1.2.0",
  "timestamp_utc": "2025-07-23T02:56:05.884509600+00:00",
  "replay_seed": 17316161563117215627,
  "run_mode": "Mainstream | MMH‑RS V1",
  "system_tier": "HighEnd",
  "test_set_desc": "1 GiB deterministic",
  "total_files": 2094,
  "total_size_bytes": 1073741824,
  "seed_output_size_bytes": 515710728,
  "pack_speed": 185.4102956019519,
  "unpack_speed": 82.82155629948076,
  "verify_speed": 238.7310375972782,
  "pack_time": 5.5228864,
  "unpack_time": 5.9383099999999995,
  "verify_time": 2.060143,
  "total_time": 13.521339399999999,
  "compression_ratio": 2.082062221517331,
  "files_per_sec": 379.14956932664774,
  "peak_cpu_pct": 32.58456,
  "avg_cpu_pct": 30.568748,
  "peak_ram_mb": 17734,
  "peak_threads": 255,
  "thermal_throttling": false,
  "memory_pressure": "LOW",
  "input_hash": "7776663b03503addee88ccd2070d06a764b407b8c417ea5291bcd196e3dd5be3",
  "packed_hash": "9581265ae876e55d97a207ca166d7e1291cecfd62ee370f7d3524f80afc1a073",
  "unpacked_hash": "7776663b03503addee88ccd2070d06a764b407b8c417ea5291bcd196e3dd5be3",
  "seed_score": 315,
  "seed_score_formula": "(2.08×*169.0)/(1+0.0/4+32.6/100)+50",
  "overall_system_score": 911.0,
  "performance_tier": "Elite Performance",
  "warnings": [
    "⚠️  This is a CPU-only benchmark designed to stress test your processor",
    "   GPU acceleration will be available in V2, V3 will use both CPU+GPU",
    "Decompression speed below 100 MB/s - system may be underpowered"
  ],
  "errors": [],
  "os_info": "Windows",
  "cpu_info": "16 cores, 2400 MHz",
  "ram_info": "63.6 GB",
  "storage_info": "SSD: 1, HDD: 0",
  "original_score_v1_1": 759,
  "conversion_date": "2025-07-23 00:51:39"
}
