{
  "mmh_version": "1.2.0",
  "timestamp_utc": "2025-07-23T00:34:51.478168900+00:00",
  "replay_seed": 2942935418858651042,
  "run_mode": "SMOKETEST | MMH‑RS V1",
  "system_tier": "HighEnd",
  "test_set_desc": "~50 MiB deterministic",
  "total_files": 102,
  "total_size_bytes": 52428800,
  "seed_output_size_bytes": 25031227,
  "pack_speed": 203.80636927513004,
  "unpack_speed": 86.5019737838906,
  "verify_speed": 285.08793049007,
  "pack_time": 0.2453309,
  "unpack_time": 0.2759664,
  "verify_time": 0.0837343,
  "compression_ratio": 2.0945357572763013,
  "files_per_sec": 415.7649933212653,
  "peak_cpu_pct": 14.374805,
  "avg_cpu_pct": 12.809242,
  "peak_ram_mb": 13915132,
  "peak_threads": 326,
  "thermal_throttling": false,
  "memory_pressure": "LOW",
  "input_hash": "ef5a4bb94e099aad0fa6f6d0574d1ad2271b1f1f58e7da743afd57b7371e7e9b",
  "packed_hash": "e25b335e72ebb02e6c2ab11618e214e741afa8baab6b4e955695898d6aa87bc8",
  "unpacked_hash": "ef5a4bb94e099aad0fa6f6d0574d1ad2271b1f1f58e7da743afd57b7371e7e9b",
  "seed_score": 140,
  "seed_score_formula": "(2.09×*191.8)/(1+13.3/4+14.4/100)+50",
  "overall_system_score": 200.0,
  "performance_tier": [
    "Entry Level",
    "Mainstream",
    "High Performance",
    "Enterprise",
    "Ultra Performance",
    "Elite Performance"
  ],
  "warnings": [
    "Decompression speed below 100 MB/s - system may be underpowered",
    "High memory usage detected - consider more RAM for larger datasets"
  ],
  "errors": [],
  "os_info": "Windows",
  "cpu_info": "16 cores, 2400 MHz",
  "ram_info": "63.6 GB",
  "storage_info": "SSD: 1, HDD: 0",
  "original_score_v1_1": 150,
  "conversion_date": "2025-07-23 00:51:38"
}
