{
  "mmh_version": "1.2.0",
  "timestamp_utc": "2025-07-23T00:12:52.916676-04:00",
  "replay_seed": 9619917755509565023,
  "run_mode": "SMOKETEST | MMH‑RS V1",
  "system_tier": "HighEnd",
  "test_set_desc": "~50 MiB deterministic",
  "total_files": 97,
  "total_size_bytes": 52428800,
  "seed_output_size_bytes": 23743926,
  "pack_speed": 178.92621369229272,
  "unpack_speed": 86.91459489455042,
  "verify_speed": 222.63861489637998,
  "pack_time": 0.2794448,
  "unpack_time": 0.2605313,
  "verify_time": 0.1017073,
  "total_time": 0.6416834,
  "compression_ratio": 2.208093135061152,
  "files_per_sec": 347.11685456304787,
  "peak_cpu_pct": 25.974142,
  "avg_cpu_pct": 23.15916,
  "peak_ram_mb": 18156,
  "peak_threads": 273,
  "thermal_throttling": false,
  "memory_pressure": "LOW",
  "input_hash": "e0be8609811f58fe397919d3298cffa735e5b978c84b62ab039d2f6ad1240a55",
  "packed_hash": "f592088e0ad734e985fa7ebc6ce4985206cb58cb4078d35e756bd7c4436ed2ec",
  "unpacked_hash": "e0be8609811f58fe397919d3298cffa735e5b978c84b62ab039d2f6ad1240a55",
  "seed_score": 335,
  "seed_score_formula": "(2.21×*162.8)/(1+0.0/4+26.0/100)+50",
  "overall_system_score": 916.0,
  "performance_tier": "Elite Performance",
  "warnings": [
    "⚠️  This is a CPU-only benchmark designed to stress test your processor",
    "   GPU acceleration will be available in V2, V3 will use both CPU+GPU",
    "Decompression speed below 100 MB/s - system may be underpowered"
  ],
  "errors": [],
  "os_info": "Windows",
  "cpu_info": "16 cores, 2400 MHz",
  "ram_info": "63.6 GB",
  "storage_info": "SSD: 1, HDD: 0",
  "original_score_v1_1": 763,
  "conversion_date": "2025-07-23 00:51:39"
}
