{
  "mmh_version": "1.2.0",
  "timestamp_utc": "2025-07-22T21:05:15.482106800+00:00",
  "replay_seed": 11293641330531491678,
  "run_mode": "SMOKETEST | MMH‑RS V1",
  "system_tier": "HighEnd",
  "test_set_desc": "~50 MiB deterministic",
  "total_files": 94,
  "total_size_bytes": 52428800,
  "seed_output_size_bytes": 26286466,
  "pack_speed": 182.41311389765386,
  "unpack_speed": 80.54067315528924,
  "verify_speed": 305.06587777866366,
  "pack_time": 0.2741031,
  "unpack_time": 0.3112555,
  "verify_time": 0.0821748,
  "compression_ratio": 1.9945168741967825,
  "files_per_sec": 342.93665412758924,
  "peak_cpu_pct": 26.20705,
  "avg_cpu_pct": 20.389168,
  "peak_ram_mb": 18372212,
  "peak_threads": 290,
  "thermal_throttling": false,
  "memory_pressure": "LOW",
  "input_hash": "14223e5d925144e2104d01c69078b7691326aff0dd18874f5d0d864fcb6b8244",
  "packed_hash": "e8e3feb5343ff09a620bc1da88bc2b854317c5debde5045b1536bd31b41b6e07",
  "unpacked_hash": "14223e5d925144e2104d01c69078b7691326aff0dd18874f5d0d864fcb6b8244",
  "seed_score": 117,
  "seed_score_formula": "(1.99×*189.3)/(1+17.5/4+26.2/100)+50",
  "overall_system_score": 200.0,
  "performance_tier": [
    "Entry Level",
    "Mainstream",
    "High Performance",
    "Enterprise",
    "Ultra Performance",
    "Elite Performance"
  ],
  "warnings": [
    "Decompression speed below 100 MB/s - system may be underpowered",
    "High memory usage detected - consider more RAM for larger datasets"
  ],
  "errors": [],
  "os_info": "Windows",
  "cpu_info": "16 cores, 2400 MHz",
  "ram_info": "63.6 GB",
  "storage_info": "SSD: 1, HDD: 0",
  "original_score_v1_1": 107,
  "conversion_date": "2025-07-23 00:51:38"
}
