{
  "mmh_version": "1.2.0",
  "timestamp_utc": "2025-07-22T22:05:03.482056100+00:00",
  "replay_seed": 16810102971244639862,
  "run_mode": "Mainstream | MMH‑RS V1",
  "system_tier": "HighEnd",
  "test_set_desc": "2 GiB deterministic",
  "total_files": 4043,
  "total_size_bytes": 2147483648,
  "seed_output_size_bytes": 979727675,
  "pack_speed": 76.8426308507967,
  "unpack_speed": 56.03240262988377,
  "verify_speed": 125.68989296353752,
  "pack_time": 26.6518725,
  "unpack_time": 16.6750144,
  "verify_time": 7.4337013,
  "compression_ratio": 2.1919189411486206,
  "files_per_sec": 151.69665846180226,
  "peak_cpu_pct": 21.06727,
  "avg_cpu_pct": 18.952566,
  "peak_ram_mb": 22042032,
  "peak_threads": 322,
  "thermal_throttling": false,
  "memory_pressure": "LOW",
  "input_hash": "ae1552342f96e1350d6f393992238a9751de16a1395db6b4494a3a17c7c38fb1",
  "packed_hash": "f644d63b56cbe27f5f3aebf5af0a2c69fca2ea4399ec3f179fc70e716f80cd22",
  "unpacked_hash": "ae1552342f96e1350d6f393992238a9751de16a1395db6b4494a3a17c7c38fb1",
  "seed_score": 79,
  "seed_score_formula": "(2.19×*86.2)/(1+21.0/4+21.1/100)+50",
  "overall_system_score": 200.0,
  "performance_tier": [
    "Entry Level",
    "Mainstream",
    "High Performance",
    "Enterprise",
    "Ultra Performance",
    "Elite Performance"
  ],
  "warnings": [
    "Decompression speed below 100 MB/s - system may be underpowered",
    "High memory usage detected - consider more RAM for larger datasets"
  ],
  "errors": [],
  "os_info": "Windows",
  "cpu_info": "16 cores, 2400 MHz",
  "ram_info": "63.6 GB",
  "storage_info": "SSD: 1, HDD: 0",
  "original_score_v1_1": 89,
  "conversion_date": "2025-07-23 00:51:38"
}
