{
  "mmh_version": "1.2.0",
  "timestamp_utc": "2025-07-23T03:10:55.556701700+00:00",
  "replay_seed": 13135714944878955154,
  "run_mode": "SMOKETEST | MMH‑RS V1",
  "system_tier": "HighEnd",
  "test_set_desc": "~50 MiB deterministic",
  "total_files": 91,
  "total_size_bytes": 52428800,
  "seed_output_size_bytes": 23532321,
  "pack_speed": 183.22139117070773,
  "unpack_speed": 80.49564649302992,
  "verify_speed": 219.0435257436896,
  "pack_time": 0.2728939,
  "unpack_time": 0.2787998,
  "verify_time": 0.1024553,
  "total_time": 0.654149,
  "compression_ratio": 2.2279485308737716,
  "files_per_sec": 333.46293193068806,
  "peak_cpu_pct": 19.225012,
  "avg_cpu_pct": 17.53936,
  "peak_ram_mb": 15980,
  "peak_threads": 259,
  "thermal_throttling": false,
  "memory_pressure": "LOW",
  "input_hash": "d1ec9c73e20c2f7535bf5b8a0c4a19eaf020f50dd0a3ae9065f0795db900e35b",
  "packed_hash": "a76fa3242bfe22b9641065430cd7165d02bc173892f545683cd5eb7e5e3af245",
  "unpacked_hash": "d1ec9c73e20c2f7535bf5b8a0c4a19eaf020f50dd0a3ae9065f0795db900e35b",
  "seed_score": 351,
  "seed_score_formula": "(2.23×*160.9)/(1+0.0/4+19.2/100)+50",
  "overall_system_score": 919.0,
  "performance_tier": "Elite Performance",
  "warnings": [
    "⚠️  This is a CPU-only benchmark designed to stress test your processor",
    "   GPU acceleration will be available in V2, V3 will use both CPU+GPU",
    "Decompression speed below 100 MB/s - system may be underpowered"
  ],
  "errors": [],
  "os_info": "Windows",
  "cpu_info": "16 cores, 2400 MHz",
  "ram_info": "63.6 GB",
  "storage_info": "SSD: 1, HDD: 0",
  "original_score_v1_1": 766,
  "conversion_date": "2025-07-23 00:51:39"
}
