{
  "mmh_version": "1.2.0",
  "timestamp_utc": "2025-07-23T03:26:41.786067500+00:00",
  "replay_seed": 729579828168676296,
  "run_mode": "SMOKETEST | MMH‑RS V1",
  "system_tier": "HighEnd",
  "test_set_desc": "~50 MiB deterministic",
  "total_files": 96,
  "total_size_bytes": 52428800,
  "seed_output_size_bytes": 22330534,
  "pack_speed": 190.26534023818937,
  "unpack_speed": 78.69061452652558,
  "verify_speed": 221.22647342751074,
  "pack_time": 0.2627909,
  "unpack_time": 0.2706302,
  "verify_time": 0.0962636,
  "total_time": 0.6296847,
  "compression_ratio": 2.3478524964965013,
  "files_per_sec": 365.3094532573236,
  "peak_cpu_pct": 29.436718,
  "avg_cpu_pct": 20.473452,
  "peak_ram_mb": 16999,
  "peak_threads": 260,
  "thermal_throttling": false,
  "memory_pressure": "LOW",
  "input_hash": "68ea2dc7f252107dfd29e792bfa95e3e408762092e202a4f0a532ddc14aec2e1",
  "packed_hash": "83f68c9c58f4f6104946859b363e54e38e01a5a12a67b625f4d6d86646d44b07",
  "unpacked_hash": "68ea2dc7f252107dfd29e792bfa95e3e408762092e202a4f0a532ddc14aec2e1",
  "seed_score": 346,
  "seed_score_formula": "(2.35×*163.4)/(1+0.0/4+29.4/100)+50",
  "overall_system_score": 938.0,
  "performance_tier": "Elite Performance",
  "warnings": [
    "⚠️  This is a CPU-only benchmark designed to stress test your processor",
    "   GPU acceleration will be available in V2, V3 will use both CPU+GPU",
    "Decompression speed below 100 MB/s - system may be underpowered"
  ],
  "errors": [],
  "os_info": "Windows",
  "cpu_info": "16 cores, 2400 MHz",
  "ram_info": "63.6 GB",
  "storage_info": "SSD: 1, HDD: 0",
  "original_score_v1_1": 782,
  "conversion_date": "2025-07-23 00:51:39"
}
