{
  "mmh_version": "1.2.0",
  "timestamp_utc": "2025-07-22T21:55:57.351683-04:00",
  "replay_seed": 15826049596350994754,
  "run_mode": "Mainstream | MMH‑RS V1",
  "system_tier": "HighEnd",
  "test_set_desc": "2 GiB deterministic",
  "total_files": 4099,
  "total_size_bytes": 2147483648,
  "seed_output_size_bytes": 979137022,
  "pack_speed": 31.300149682878892,
  "unpack_speed": 50.381814254215925,
  "verify_speed": 15.425000904846971,
  "pack_time": 65.430997,
  "unpack_time": 18.5340255,
  "verify_time": 60.5366467,
  "total_time": 144.5016692,
  "compression_ratio": 2.1932411907104865,
  "files_per_sec": 62.646149194394816,
  "peak_cpu_pct": 22.900806,
  "avg_cpu_pct": 19.073711,
  "peak_ram_mb": 17233,
  "peak_threads": 248,
  "thermal_throttling": false,
  "memory_pressure": "LOW",
  "input_hash": "e49429230937930e57e867003e315c4395788abe4dfc75e6d1052aea25509386",
  "packed_hash": "58e313d1fd2c1f04796a21a709a2c0c53b2b7b6341738ed9398f22faa82eeafb",
  "unpacked_hash": "e49429230937930e57e867003e315c4395788abe4dfc75e6d1052aea25509386",
  "seed_score": 108,
  "seed_score_formula": "(2.19×*32.4)/(1+0.0/4+22.9/100)+50",
  "overall_system_score": 773.0,
  "performance_tier": [
    "Ultra Performance",
    "Elite Performance"
  ],
  "warnings": [
    "⚠️  This is a CPU-only benchmark designed to stress test your processor",
    "   GPU acceleration will be available in V2, V3 will use both CPU+GPU",
    "Compression speed below 50 MB/s - consider faster storage",
    "Decompression speed below 100 MB/s - system may be underpowered"
  ],
  "errors": [],
  "os_info": "Windows",
  "cpu_info": "16 cores, 2400 MHz",
  "ram_info": "63.6 GB",
  "storage_info": "SSD: 1, HDD: 0",
  "original_score_v1_1": 644,
  "conversion_date": "2025-07-23 00:51:38"
}
