{
  "mmh_version": "1.2.0",
  "timestamp_utc": "2025-07-22T23:16:22.775445600+00:00",
  "replay_seed": 4239530051750332435,
  "run_mode": "Mainstream | MMH‑RS V1",
  "system_tier": "HighEnd",
  "test_set_desc": "8 GiB deterministic",
  "total_files": 16338,
  "total_size_bytes": 8589934592,
  "seed_output_size_bytes": 4027623511,
  "pack_speed": 69.26212923107991,
  "unpack_speed": 50.130729305579536,
  "verify_speed": 144.42660493671647,
  "pack_time": 118.2753128,
  "unpack_time": 76.6204911,
  "verify_time": 26.5951076,
  "compression_ratio": 2.1327551019949342,
  "files_per_sec": 138.13533537321578,
  "peak_cpu_pct": 25.058899,
  "avg_cpu_pct": 23.676224,
  "peak_ram_mb": 25055740,
  "peak_threads": 330,
  "thermal_throttling": false,
  "memory_pressure": "LOW",
  "input_hash": "636c90fbebf741698cdec719f828e91ac714f9718b8fda1317f26a4d493b1c7f",
  "packed_hash": "4bbc0bfc695590a9d4a25d3aafead61c51831a8f71c5746de33a40fcd8e4139d",
  "unpacked_hash": "636c90fbebf741698cdec719f828e91ac714f9718b8fda1317f26a4d493b1c7f",
  "seed_score": 76,
  "seed_score_formula": "(2.13×*87.9)/(1+23.9/4+25.1/100)+50",
  "overall_system_score": 455.0,
  "performance_tier": [
    "High Performance",
    "Enterprise",
    "Ultra Performance",
    "Elite Performance"
  ],
  "warnings": [
    "Decompression speed below 100 MB/s - system may be underpowered",
    "High memory usage detected - consider more RAM for larger datasets"
  ],
  "errors": [],
  "os_info": "Windows",
  "cpu_info": "16 cores, 2400 MHz",
  "ram_info": "63.6 GB",
  "storage_info": "SSD: 1, HDD: 0",
  "conversion_notes": "Converted to V1.2.0 1000-point scoring system",
  "original_score_v1_1": 379.0,
  "conversion_date": "2025-07-23 00:51:38"
}
