{
  "mmh_version": "1.2.0",
  "timestamp_utc": "2025-07-23T03:18:03.284065200+00:00",
  "replay_seed": 11204119520532838143,
  "run_mode": "Mainstream | MMH‑RS V1",
  "system_tier": "HighEnd",
  "test_set_desc": "2 GiB deterministic",
  "total_files": 4069,
  "total_size_bytes": 2147483648,
  "seed_output_size_bytes": 999488948,
  "pack_speed": 170.80699742557658,
  "unpack_speed": 80.94158355508594,
  "verify_speed": 240.90795419347515,
  "pack_time": 11.9901411,
  "unpack_time": 11.7762329,
  "verify_time": 3.9566437,
  "total_time": 27.7230177,
  "compression_ratio": 2.148581684967266,
  "files_per_sec": 339.36214478743705,
  "peak_cpu_pct": 29.931826,
  "avg_cpu_pct": 25.846458,
  "peak_ram_mb": 18408,
  "peak_threads": 253,
  "thermal_throttling": false,
  "memory_pressure": "LOW",
  "input_hash": "8d7407799a8cef35ebf7607777ab31b97306df5885da176cd7d1681c0d895cf6",
  "packed_hash": "ddaa465c572ac787339c1f0ea560eae12da1ba7461915d75d8f4e9859db07cdd",
  "unpacked_hash": "8d7407799a8cef35ebf7607777ab31b97306df5885da176cd7d1681c0d895cf6",
  "seed_score": 322,
  "seed_score_formula": "(2.15×*164.2)/(1+0.0/4+29.9/100)+50",
  "overall_system_score": 940.0,
  "performance_tier": "Elite Performance",
  "warnings": [
    "⚠️  This is a CPU-only benchmark designed to stress test your processor",
    "   GPU acceleration will be available in V2, V3 will use both CPU+GPU",
    "Decompression speed below 100 MB/s - system may be underpowered"
  ],
  "errors": [],
  "os_info": "Windows",
  "cpu_info": "16 cores, 2400 MHz",
  "ram_info": "63.6 GB",
  "storage_info": "SSD: 1, HDD: 0",
  "original_score_v1_1": 783,
  "conversion_date": "2025-07-23 00:51:39"
}
