{
  "mmh_version": "1.2.0",
  "timestamp_utc": "2025-07-23T04:24:29.878829800+00:00",
  "replay_seed": 3271315478256752594,
  "run_mode": "SMOKETEST | MMH‑RS V1",
  "system_tier": "HighEnd",
  "test_set_desc": "~50 MiB deterministic",
  "total_files": 100,
  "total_size_bytes": 52428800,
  "seed_output_size_bytes": 24930735,
  "pack_speed": 96.54462910642926,
  "unpack_speed": 64.47201211417512,
  "verify_speed": 113.18177717547022,
  "pack_time": 0.5178952,
  "unpack_time": 0.3687771,
  "verify_time": 0.2100674,
  "total_time": 1.0967397,
  "compression_ratio": 2.1029785122660845,
  "files_per_sec": 193.0892582128585,
  "peak_cpu_pct": 15.167131,
  "avg_cpu_pct": 12.845066,
  "peak_ram_mb": 18127,
  "peak_threads": 274,
  "thermal_throttling": false,
  "memory_pressure": "LOW",
  "input_hash": "421fbfd14994ce7e049927ddd97ce6c0d90846b1af2e66480303b448c56322f1",
  "packed_hash": "6137facddef0e5a4f48737aa09c39c9445c0e8fab142e04a8a9c1b45bd43cf6f",
  "unpacked_hash": "421fbfd14994ce7e049927ddd97ce6c0d90846b1af2e66480303b448c56322f1",
  "seed_score": 217,
  "seed_score_formula": "(2.10×*91.4)/(1+0.0/4+15.2/100)+50",
  "overall_system_score": 886.0,
  "performance_tier": "Elite Performance",
  "warnings": [
    "⚠️  This is a CPU-only benchmark designed to stress test your processor",
    "   GPU acceleration will be available in V2, V3 will use both CPU+GPU",
    "Decompression speed below 100 MB/s - system may be underpowered"
  ],
  "errors": [],
  "os_info": "Windows",
  "cpu_info": "16 cores, 2400 MHz",
  "ram_info": "63.6 GB",
  "storage_info": "SSD: 1, HDD: 0",
  "original_score_v1_1": 738,
  "conversion_date": "2025-07-23 00:51:39"
}
