{
  "mmh_version": "1.2.0",
  "timestamp_utc": "2025-07-23T04:39:54.786422300+00:00",
  "replay_seed": 13698111124661927060,
  "run_mode": "SMOKETEST | MMH‑RS V1",
  "system_tier": "HighEnd",
  "test_set_desc": "~50 MiB deterministic",
  "total_files": 103,
  "total_size_bytes": 52428800,
  "seed_output_size_bytes": 24242288,
  "pack_speed": 180.21609351341007,
  "unpack_speed": 64.3883283903938,
  "verify_speed": 229.39561848563636,
  "pack_time": 0.2774447,
  "unpack_time": 0.3590596,
  "verify_time": 0.1007833,
  "total_time": 0.7372875999999999,
  "compression_ratio": 2.1627001543748676,
  "files_per_sec": 371.24515263762476,
  "peak_cpu_pct": 22.009857,
  "avg_cpu_pct": 14.999561,
  "peak_ram_mb": 15356,
  "peak_threads": 252,
  "thermal_throttling": false,
  "memory_pressure": "LOW",
  "input_hash": "3cf56c2f0dad828190557e796b9235a36f1561d957cbe531e4c3569b0c35bff0",
  "packed_hash": "b51411492f899d20b85d3934ce896cfa68b702386b6ba1a120fc57a41142efc9",
  "unpacked_hash": "3cf56c2f0dad828190557e796b9235a36f1561d957cbe531e4c3569b0c35bff0",
  "seed_score": 330,
  "seed_score_formula": "(2.16×*158.0)/(1+0.0/4+22.0/100)+50",
  "overall_system_score": 910.0,
  "performance_tier": "Elite Performance",
  "warnings": [
    "⚠️  This is a CPU-only benchmark designed to stress test your processor",
    "   GPU acceleration will be available in V2, V3 will use both CPU+GPU",
    "Decompression speed below 100 MB/s - system may be underpowered"
  ],
  "errors": [],
  "os_info": "Windows",
  "cpu_info": "16 cores, 2400 MHz",
  "ram_info": "63.6 GB",
  "storage_info": "SSD: 1, HDD: 0",
  "original_score_v1_1": 758,
  "conversion_date": "2025-07-23 00:51:39"
}
