{
  "mmh_version": "1.2.0",
  "timestamp_utc": "2025-07-23T02:44:31.374299600+00:00",
  "replay_seed": 8789510662687222821,
  "run_mode": "SMOKETEST | MMH‑RS V1",
  "system_tier": "HighEnd",
  "test_set_desc": "~50 MiB deterministic",
  "total_files": 105,
  "total_size_bytes": 52428800,
  "seed_output_size_bytes": 22297524,
  "pack_speed": 54.0537443407081,
  "unpack_speed": 66.04202971330061,
  "verify_speed": 218.61212160537337,
  "pack_time": 0.9250053,
  "unpack_time": 0.3219855,
  "verify_time": 0.0972708,
  "total_time": 1.3442616,
  "compression_ratio": 2.351328335827781,
  "files_per_sec": 113.51286311548701,
  "peak_cpu_pct": 43.892715,
  "avg_cpu_pct": 29.446072,
  "peak_ram_mb": 14787,
  "peak_threads": 243,
  "thermal_throttling": false,
  "memory_pressure": "LOW",
  "input_hash": "c313cbf7141cf2e1481cce31d5a81c6c672ff540e41e8a81b7784bfa2d7d080f",
  "packed_hash": "13d9aae7b791d97066f2b3edb6bd5df8930e3a475dc6095f329a6ba7cf109f6f",
  "unpacked_hash": "c313cbf7141cf2e1481cce31d5a81c6c672ff540e41e8a81b7784bfa2d7d080f",
  "seed_score": 234,
  "seed_score_formula": "(2.35×*112.9)/(1+0.0/4+43.9/100)+50",
  "overall_system_score": 722.0,
  "performance_tier": [
    "Enterprise",
    "Ultra Performance",
    "Elite Performance"
  ],
  "warnings": [
    "⚠️  This is a CPU-only benchmark designed to stress test your processor",
    "   GPU acceleration will be available in V2, V3 will use both CPU+GPU",
    "Decompression speed below 100 MB/s - system may be underpowered"
  ],
  "errors": [],
  "os_info": "Windows",
  "cpu_info": "16 cores, 2400 MHz",
  "ram_info": "63.6 GB",
  "storage_info": "SSD: 1, HDD: 0",
  "original_score_v1_1": 602,
  "conversion_date": "2025-07-23 00:51:39"
}
