{
  "mmh_version": "1.2.0",
  "timestamp_utc": "2025-07-23T04:02:50.218021400+00:00",
  "replay_seed": 9583806003528675531,
  "run_mode": "SMOKETEST | MMH‑RS V1",
  "system_tier": "HighEnd",
  "test_set_desc": "~50 MiB deterministic",
  "total_files": 99,
  "total_size_bytes": 52428800,
  "seed_output_size_bytes": 26515673,
  "pack_speed": 199.7552598556249,
  "unpack_speed": 98.46533653224532,
  "verify_speed": 257.6111474471139,
  "pack_time": 0.2503063,
  "unpack_time": 0.2568144,
  "verify_time": 0.0981608,
  "total_time": 0.6052815,
  "compression_ratio": 1.9772758549255,
  "files_per_sec": 395.5154145141373,
  "peak_cpu_pct": 16.708984,
  "avg_cpu_pct": 12.95083,
  "peak_ram_mb": 17347,
  "peak_threads": 268,
  "thermal_throttling": false,
  "memory_pressure": "LOW",
  "input_hash": "734b7a3f2ceabfb7ab79021f0aac81a85d14e9492833ef15ed5fda7cb9478e65",
  "packed_hash": "69eb8a5a1a68827dd03ace15ef8f6852a2c5f57542678ce514437e2112a5eca3",
  "unpacked_hash": "734b7a3f2ceabfb7ab79021f0aac81a85d14e9492833ef15ed5fda7cb9478e65",
  "seed_score": 364,
  "seed_score_formula": "(1.98×*185.3)/(1+0.0/4+16.7/100)+50",
  "overall_system_score": 878.0,
  "performance_tier": "Elite Performance",
  "warnings": [
    "⚠️  This is a CPU-only benchmark designed to stress test your processor",
    "   GPU acceleration will be available in V2, V3 will use both CPU+GPU",
    "Decompression speed below 100 MB/s - system may be underpowered"
  ],
  "errors": [],
  "os_info": "Windows",
  "cpu_info": "16 cores, 2400 MHz",
  "ram_info": "63.6 GB",
  "storage_info": "SSD: 1, HDD: 0",
  "original_score_v1_1": 732,
  "conversion_date": "2025-07-23 00:51:39"
}
