{
  "mmh_version": "1.2.0",
  "timestamp_utc": "2025-07-22T22:37:44.896062500+00:00",
  "replay_seed": 4474777228845871042,
  "run_mode": "Mainstream | MMH‑RS V1",
  "system_tier": "HighEnd",
  "test_set_desc": "8 GiB deterministic",
  "total_files": 16157,
  "total_size_bytes": 8589934592,
  "seed_output_size_bytes": 3978930237,
  "pack_speed": 71.28114070144424,
  "unpack_speed": 49.66654577738979,
  "verify_speed": 131.24350949210313,
  "pack_time": 114.9252091,
  "unpack_time": 76.4016002,
  "verify_time": 28.9126951,
  "compression_ratio": 2.1588552903296354,
  "files_per_sec": 140.58708377847103,
  "peak_cpu_pct": 21.98373,
  "avg_cpu_pct": 21.897533,
  "peak_ram_mb": 24754560,
  "peak_threads": 326,
  "thermal_throttling": false,
  "memory_pressure": "LOW",
  "input_hash": "f8f940db0e8e56e86f5ea8b6bd2a4583e60f69ef9875bc9a9bee63618ca4a3f8",
  "packed_hash": "6fe477bf12260743d2966a68f71ca9d78efe41fd93b915fdd98b6756cb91ae26",
  "unpacked_hash": "f8f940db0e8e56e86f5ea8b6bd2a4583e60f69ef9875bc9a9bee63618ca4a3f8",
  "seed_score": 75,
  "seed_score_formula": "(2.16×*84.1)/(1+23.6/4+22.0/100)+50",
  "overall_system_score": 457.0,
  "performance_tier": [
    "High Performance",
    "Enterprise",
    "Ultra Performance",
    "Elite Performance"
  ],
  "warnings": [
    "Decompression speed below 100 MB/s - system may be underpowered",
    "High memory usage detected - consider more RAM for larger datasets"
  ],
  "errors": [],
  "os_info": "Windows",
  "cpu_info": "16 cores, 2400 MHz",
  "ram_info": "63.6 GB",
  "storage_info": "SSD: 1, HDD: 0",
  "conversion_notes": "Converted to V1.2.0 1000-point scoring system",
  "original_score_v1_1": 381.0,
  "conversion_date": "2025-07-23 00:51:38"
}
