{
  "mmh_version": "1.2.0",
  "timestamp_utc": "2025-07-23T03:38:23.590276300+00:00",
  "replay_seed": 14961193468167857629,
  "run_mode": "SMOKETEST | MMH‑RS V1",
  "system_tier": "HighEnd",
  "test_set_desc": "~50 MiB deterministic",
  "total_files": 95,
  "total_size_bytes": 52428800,
  "seed_output_size_bytes": 26234664,
  "pack_speed": 177.16888375807804,
  "unpack_speed": 94.24479240667709,
  "verify_speed": 232.5417090542924,
  "pack_time": 0.2822166,
  "unpack_time": 0.2654717,
  "verify_time": 0.1075907,
  "total_time": 0.655279,
  "compression_ratio": 1.9984551736587897,
  "files_per_sec": 336.6208791403482,
  "peak_cpu_pct": 38.356346,
  "avg_cpu_pct": 33.798424,
  "peak_ram_mb": 17722,
  "peak_threads": 268,
  "thermal_throttling": false,
  "memory_pressure": "LOW",
  "input_hash": "a9bacb941ec3a30f40a907ad954750d627eda124eff1f82c00cdbec0698b4a72",
  "packed_hash": "cd8be41b6559e46fe900e1d5b113948677c948d8f27cd1d6c44f94ab28ff57fc",
  "unpacked_hash": "a9bacb941ec3a30f40a907ad954750d627eda124eff1f82c00cdbec0698b4a72",
  "seed_score": 293,
  "seed_score_formula": "(2.00×*168.0)/(1+0.0/4+38.4/100)+50",
  "overall_system_score": 883.0,
  "performance_tier": "Elite Performance",
  "warnings": [
    "⚠️  This is a CPU-only benchmark designed to stress test your processor",
    "   GPU acceleration will be available in V2, V3 will use both CPU+GPU",
    "Decompression speed below 100 MB/s - system may be underpowered"
  ],
  "errors": [],
  "os_info": "Windows",
  "cpu_info": "16 cores, 2400 MHz",
  "ram_info": "63.6 GB",
  "storage_info": "SSD: 1, HDD: 0",
  "original_score_v1_1": 736,
  "conversion_date": "2025-07-23 00:51:39"
}
