{
  "mmh_version": "1.2.0",
  "timestamp_utc": "2025-07-22T22:08:55.676467700+00:00",
  "replay_seed": 17579285703944582915,
  "run_mode": "SMOKETEST | MMH‑RS V1",
  "system_tier": "HighEnd",
  "test_set_desc": "~50 MiB deterministic",
  "total_files": 106,
  "total_size_bytes": 52428800,
  "seed_output_size_bytes": 25094649,
  "pack_speed": 89.11269244554279,
  "unpack_speed": 56.96458804551856,
  "verify_speed": 149.3590998965238,
  "pack_time": 0.5610873,
  "unpack_time": 0.4201228,
  "verify_time": 0.1602321,
  "compression_ratio": 2.089242212552963,
  "files_per_sec": 188.9189079845507,
  "peak_cpu_pct": 50.440063,
  "avg_cpu_pct": 34.990444,
  "peak_ram_mb": 19730332,
  "peak_threads": 323,
  "thermal_throttling": false,
  "memory_pressure": "LOW",
  "input_hash": "4ce356fac79b5708cf5924da71e563d03d76ae8d5b9e3171e0d308fd7f1c5cdf",
  "packed_hash": "8fe2f6c674e71f0b15d09315e83fae98726423d9a9f49539256643582baeeb09",
  "unpacked_hash": "4ce356fac79b5708cf5924da71e563d03d76ae8d5b9e3171e0d308fd7f1c5cdf",
  "seed_score": 83,
  "seed_score_formula": "(2.09×*98.5)/(1+18.8/4+50.4/100)+50",
  "overall_system_score": 200.0,
  "performance_tier": [
    "Entry Level",
    "Mainstream",
    "High Performance",
    "Enterprise",
    "Ultra Performance",
    "Elite Performance"
  ],
  "warnings": [
    "Decompression speed below 100 MB/s - system may be underpowered",
    "High memory usage detected - consider more RAM for larger datasets"
  ],
  "errors": [],
  "os_info": "Windows",
  "cpu_info": "16 cores, 2400 MHz",
  "ram_info": "63.6 GB",
  "storage_info": "SSD: 1, HDD: 0",
  "original_score_v1_1": 93,
  "conversion_date": "2025-07-23 00:51:38"
}
