{
  "mmh_version": "1.2.0",
  "timestamp_utc": "2025-07-23T04:37:12.674129800+00:00",
  "replay_seed": 1906180536958499432,
  "run_mode": "SMOKETEST | MMH‑RS V1",
  "system_tier": "HighEnd",
  "test_set_desc": "~50 MiB deterministic",
  "total_files": 98,
  "total_size_bytes": 52428800,
  "seed_output_size_bytes": 24175100,
  "pack_speed": 187.64274922147024,
  "unpack_speed": 74.0319546138301,
  "verify_speed": 219.49676509168464,
  "pack_time": 0.2664638,
  "unpack_time": 0.3114219,
  "verify_time": 0.1050365,
  "total_time": 0.6829221999999999,
  "compression_ratio": 2.168710780927483,
  "files_per_sec": 367.77978847408167,
  "peak_cpu_pct": 18.516993,
  "avg_cpu_pct": 14.65158,
  "peak_ram_mb": 18540,
  "peak_threads": 270,
  "thermal_throttling": false,
  "memory_pressure": "LOW",
  "input_hash": "90236c2c1b286e0fb571bc815a6d982baf13da05b5abdfe704fc1461a323c516",
  "packed_hash": "2db159e50dae25b065fb5c4c013dddd85959bdda2a7eabf29d76ce2add791551",
  "unpacked_hash": "90236c2c1b286e0fb571bc815a6d982baf13da05b5abdfe704fc1461a323c516",
  "seed_score": 343,
  "seed_score_formula": "(2.17×*160.4)/(1+0.0/4+18.5/100)+50",
  "overall_system_score": 910.0,
  "performance_tier": "Elite Performance",
  "warnings": [
    "⚠️  This is a CPU-only benchmark designed to stress test your processor",
    "   GPU acceleration will be available in V2, V3 will use both CPU+GPU",
    "Decompression speed below 100 MB/s - system may be underpowered"
  ],
  "errors": [],
  "os_info": "Windows",
  "cpu_info": "16 cores, 2400 MHz",
  "ram_info": "63.6 GB",
  "storage_info": "SSD: 1, HDD: 0",
  "original_score_v1_1": 758,
  "conversion_date": "2025-07-23 00:51:39"
}
