{
  "mmh_version": "1.2.0",
  "timestamp_utc": "2025-07-23T04:17:18.011130600+00:00",
  "replay_seed": 5117516540270381336,
  "run_mode": "Mainstream | MMH‑RS V1",
  "system_tier": "HighEnd",
  "test_set_desc": "2 GiB deterministic",
  "total_files": 4060,
  "total_size_bytes": 2147483648,
  "seed_output_size_bytes": 1005058158,
  "pack_speed": 172.07448257421544,
  "unpack_speed": 86.06355269837951,
  "verify_speed": 242.62117021470326,
  "pack_time": 11.9018228,
  "unpack_time": 11.1370972,
  "verify_time": 3.9505957,
  "total_time": 26.9895157,
  "compression_ratio": 2.1366760031811016,
  "files_per_sec": 341.124218384431,
  "peak_cpu_pct": 28.431065,
  "avg_cpu_pct": 24.906143,
  "peak_ram_mb": 19848,
  "peak_threads": 268,
  "thermal_throttling": false,
  "memory_pressure": "LOW",
  "input_hash": "71e22b15ab06354df03e8bfe92bfb37ba77603138b3551f74cc33a1c7b6d76cf",
  "packed_hash": "e4cd7a07db932324c35cde7f8fc2c4823492af9806bf318ca4cb090c1110e227",
  "unpacked_hash": "71e22b15ab06354df03e8bfe92bfb37ba77603138b3551f74cc33a1c7b6d76cf",
  "seed_score": 328,
  "seed_score_formula": "(2.14×*166.9)/(1+0.0/4+28.4/100)+50",
  "overall_system_score": 937.0,
  "performance_tier": "Elite Performance",
  "warnings": [
    "⚠️  This is a CPU-only benchmark designed to stress test your processor",
    "   GPU acceleration will be available in V2, V3 will use both CPU+GPU",
    "Decompression speed below 100 MB/s - system may be underpowered"
  ],
  "errors": [],
  "os_info": "Windows",
  "cpu_info": "16 cores, 2400 MHz",
  "ram_info": "63.6 GB",
  "storage_info": "SSD: 1, HDD: 0",
  "original_score_v1_1": 781,
  "conversion_date": "2025-07-23 00:51:39"
}
