{
  "mmh_version": "1.2.0",
  "timestamp_utc": "2025-07-23T04:37:00.110777500+00:00",
  "replay_seed": 14530943800914657166,
  "run_mode": "SMOKETEST | MMH‑RS V1",
  "system_tier": "HighEnd",
  "test_set_desc": "~50 MiB deterministic",
  "total_files": 107,
  "total_size_bytes": 52428800,
  "seed_output_size_bytes": 22203900,
  "pack_speed": 182.08528437715543,
  "unpack_speed": 59.2361346790389,
  "verify_speed": 208.92014331728822,
  "pack_time": 0.2745966,
  "unpack_time": 0.3574725,
  "verify_time": 0.1013559,
  "total_time": 0.733425,
  "compression_ratio": 2.361242844725476,
  "files_per_sec": 389.6625085671126,
  "peak_cpu_pct": 26.562664,
  "avg_cpu_pct": 23.685867,
  "peak_ram_mb": 18685,
  "peak_threads": 273,
  "thermal_throttling": false,
  "memory_pressure": "LOW",
  "input_hash": "85abae50a8eae17e2e89dde3525a8a986801f246619ac48c81661f30540440e8",
  "packed_hash": "f113823fb05c97feb9bd7e70e2bec39a2a27eec1ff528e42016216b5ad574c56",
  "unpacked_hash": "85abae50a8eae17e2e89dde3525a8a986801f246619ac48c81661f30540440e8",
  "seed_score": 330,
  "seed_score_formula": "(2.36×*150.1)/(1+0.0/4+26.6/100)+50",
  "overall_system_score": 941.0,
  "performance_tier": "Elite Performance",
  "warnings": [
    "⚠️  This is a CPU-only benchmark designed to stress test your processor",
    "   GPU acceleration will be available in V2, V3 will use both CPU+GPU",
    "Decompression speed below 100 MB/s - system may be underpowered"
  ],
  "errors": [],
  "os_info": "Windows",
  "cpu_info": "16 cores, 2400 MHz",
  "ram_info": "63.6 GB",
  "storage_info": "SSD: 1, HDD: 0",
  "original_score_v1_1": 784,
  "conversion_date": "2025-07-23 00:51:39"
}
