{
  "mmh_version": "1.2.0",
  "timestamp_utc": "2025-07-23T04:16:22.064207500+00:00",
  "replay_seed": 3907161382732747538,
  "run_mode": "SMOKETEST | MMH‑RS V1",
  "system_tier": "HighEnd",
  "test_set_desc": "~50 MiB deterministic",
  "total_files": 110,
  "total_size_bytes": 52428800,
  "seed_output_size_bytes": 21456905,
  "pack_speed": 189.61393465221204,
  "unpack_speed": 74.92965522620294,
  "verify_speed": 203.29274884254642,
  "pack_time": 0.2636937,
  "unpack_time": 0.2730948,
  "verify_time": 0.1006573,
  "total_time": 0.6374458000000001,
  "compression_ratio": 2.4434465268872656,
  "files_per_sec": 417.15065623486646,
  "peak_cpu_pct": 15.983673,
  "avg_cpu_pct": 14.339898,
  "peak_ram_mb": 17834,
  "peak_threads": 265,
  "thermal_throttling": false,
  "memory_pressure": "LOW",
  "input_hash": "a2a16f6bd5e5efafe28a77f920925c1b2adc03c5e3a2521923e58ce7ba96743d",
  "packed_hash": "b119a00fd09812c28be981fd449c3a30398dd1bd24221611534a9e29afc8c058",
  "unpacked_hash": "a2a16f6bd5e5efafe28a77f920925c1b2adc03c5e3a2521923e58ce7ba96743d",
  "seed_score": 379,
  "seed_score_formula": "(2.44×*155.9)/(1+0.0/4+16.0/100)+50",
  "overall_system_score": 950.0,
  "performance_tier": "Elite Performance",
  "warnings": [
    "⚠️  This is a CPU-only benchmark designed to stress test your processor",
    "   GPU acceleration will be available in V2, V3 will use both CPU+GPU",
    "Decompression speed below 100 MB/s - system may be underpowered"
  ],
  "errors": [],
  "os_info": "Windows",
  "cpu_info": "16 cores, 2400 MHz",
  "ram_info": "63.6 GB",
  "storage_info": "SSD: 1, HDD: 0",
  "original_score_v1_1": 795,
  "conversion_date": "2025-07-23 00:51:39"
}
