{
  "mmh_version": "1.2.0",
  "timestamp_utc": "2025-07-23T04:21:53.487422200+00:00",
  "replay_seed": 14523986984132287485,
  "run_mode": "Mainstream | MMH‑RS V1",
  "system_tier": "HighEnd",
  "test_set_desc": "2 GiB deterministic",
  "total_files": 4078,
  "total_size_bytes": 2147483648,
  "seed_output_size_bytes": 988200549,
  "pack_speed": 173.28284338328558,
  "unpack_speed": 69.59552298306197,
  "verify_speed": 241.43370101942338,
  "pack_time": 11.8188273,
  "unpack_time": 13.5414096,
  "verify_time": 3.903438,
  "total_time": 29.2636749,
  "compression_ratio": 2.1731253338941428,
  "files_per_sec": 345.04269302589773,
  "peak_cpu_pct": 26.609755,
  "avg_cpu_pct": 26.45248,
  "peak_ram_mb": 20232,
  "peak_threads": 268,
  "thermal_throttling": false,
  "memory_pressure": "LOW",
  "input_hash": "3e8768d971dc35eae553c363186b2715c54db36644d87be186b3f7cef7fc93f4",
  "packed_hash": "a2085d060fd95fe3108c1097b85d7fd78cd15eebe010f67680ff257ecfe46bd6",
  "unpacked_hash": "3e8768d971dc35eae553c363186b2715c54db36644d87be186b3f7cef7fc93f4",
  "seed_score": 327,
  "seed_score_formula": "(2.17×*161.4)/(1+0.0/4+26.6/100)+50",
  "overall_system_score": 946.0,
  "performance_tier": "Elite Performance",
  "warnings": [
    "⚠️  This is a CPU-only benchmark designed to stress test your processor",
    "   GPU acceleration will be available in V2, V3 will use both CPU+GPU",
    "Decompression speed below 100 MB/s - system may be underpowered"
  ],
  "errors": [],
  "os_info": "Windows",
  "cpu_info": "16 cores, 2400 MHz",
  "ram_info": "63.6 GB",
  "storage_info": "SSD: 1, HDD: 0",
  "original_score_v1_1": 788,
  "conversion_date": "2025-07-23 00:51:39"
}
