{
  "mmh_version": "1.2.0",
  "timestamp_utc": "2025-07-23T04:31:06.526226900+00:00",
  "replay_seed": 998321819034679320,
  "run_mode": "SMOKETEST | MMH‑RS V1",
  "system_tier": "HighEnd",
  "test_set_desc": "~50 MiB deterministic",
  "total_files": 109,
  "total_size_bytes": 52428800,
  "seed_output_size_bytes": 21358396,
  "pack_speed": 185.03907285062314,
  "unpack_speed": 74.44044807204679,
  "verify_speed": 118.26456104776047,
  "pack_time": 0.2702132,
  "unpack_time": 0.2736275,
  "verify_time": 0.1722321,
  "total_time": 0.7160728000000001,
  "compression_ratio": 2.4547161687609873,
  "files_per_sec": 403.3851788143585,
  "peak_cpu_pct": 18.262877,
  "avg_cpu_pct": 14.462002,
  "peak_ram_mb": 18446,
  "peak_threads": 273,
  "thermal_throttling": false,
  "memory_pressure": "LOW",
  "input_hash": "22fab5cfe2cb8549d355fd8c1c6e651b6fa3da7cbf66f2a2816f27d9f8b8d062",
  "packed_hash": "9afef4d4a56c2bb1b0ccc539a1e1bd3c91bb6300f3b02a3e675d566b795a487e",
  "unpacked_hash": "22fab5cfe2cb8549d355fd8c1c6e651b6fa3da7cbf66f2a2816f27d9f8b8d062",
  "seed_score": 311,
  "seed_score_formula": "(2.45×*125.9)/(1+0.0/4+18.3/100)+50",
  "overall_system_score": 950.0,
  "performance_tier": "Elite Performance",
  "warnings": [
    "⚠️  This is a CPU-only benchmark designed to stress test your processor",
    "   GPU acceleration will be available in V2, V3 will use both CPU+GPU",
    "Decompression speed below 100 MB/s - system may be underpowered"
  ],
  "errors": [],
  "os_info": "Windows",
  "cpu_info": "16 cores, 2400 MHz",
  "ram_info": "63.6 GB",
  "storage_info": "SSD: 1, HDD: 0",
  "original_score_v1_1": 797,
  "conversion_date": "2025-07-23 00:51:39"
}
