{
  "mmh_version": "1.2.0",
  "timestamp_utc": "2025-07-23T04:33:21.566814300+00:00",
  "replay_seed": 11882746996764903734,
  "run_mode": "SMOKETEST | MMH‑RS V1",
  "system_tier": "HighEnd",
  "test_set_desc": "~50 MiB deterministic",
  "total_files": 90,
  "total_size_bytes": 52428800,
  "seed_output_size_bytes": 24037860,
  "pack_speed": 190.6614771154749,
  "unpack_speed": 79.22203350813685,
  "verify_speed": 219.8915683082466,
  "pack_time": 0.2622449,
  "unpack_time": 0.2893676,
  "verify_time": 0.1042527,
  "total_time": 0.6558652,
  "compression_ratio": 2.1810926596627156,
  "files_per_sec": 343.1906588078548,
  "peak_cpu_pct": 17.200205,
  "avg_cpu_pct": 12.68576,
  "peak_ram_mb": 18393,
  "peak_threads": 270,
  "thermal_throttling": false,
  "memory_pressure": "LOW",
  "input_hash": "bb0fc2670412fc4ac41a7be21cc83954db7b921607b037a0ea290bbefa8e6325",
  "packed_hash": "776b7dcab494de74b0c5142194b2f89013d528320cad4052008a454c0a808a11",
  "unpacked_hash": "bb0fc2670412fc4ac41a7be21cc83954db7b921607b037a0ea290bbefa8e6325",
  "seed_score": 354,
  "seed_score_formula": "(2.18×*163.3)/(1+0.0/4+17.2/100)+50",
  "overall_system_score": 912.0,
  "performance_tier": "Elite Performance",
  "warnings": [
    "⚠️  This is a CPU-only benchmark designed to stress test your processor",
    "   GPU acceleration will be available in V2, V3 will use both CPU+GPU",
    "Decompression speed below 100 MB/s - system may be underpowered"
  ],
  "errors": [],
  "os_info": "Windows",
  "cpu_info": "16 cores, 2400 MHz",
  "ram_info": "63.6 GB",
  "storage_info": "SSD: 1, HDD: 0",
  "original_score_v1_1": 760,
  "conversion_date": "2025-07-23 00:51:39"
}
