{
  "mmh_version": "1.2.0",
  "timestamp_utc": "2025-07-23T04:30:53.651135800+00:00",
  "replay_seed": 9505918275548000274,
  "run_mode": "SMOKETEST | MMH‑RS V1",
  "system_tier": "HighEnd",
  "test_set_desc": "~50 MiB deterministic",
  "total_files": 112,
  "total_size_bytes": 52428800,
  "seed_output_size_bytes": 20979282,
  "pack_speed": 195.15591786902226,
  "unpack_speed": 58.88733640173131,
  "verify_speed": 205.36821132005926,
  "pack_time": 0.2562054,
  "unpack_time": 0.3397573,
  "verify_time": 0.0974221,
  "total_time": 0.6933848,
  "compression_ratio": 2.4990750398416877,
  "files_per_sec": 437.14925602660986,
  "peak_cpu_pct": 18.56362,
  "avg_cpu_pct": 13.564063,
  "peak_ram_mb": 18404,
  "peak_threads": 272,
  "thermal_throttling": false,
  "memory_pressure": "LOW",
  "input_hash": "a3c0126db54b8043cb17bdac7ea07fa8945e3fd837ed01243edb7d6213c2a783",
  "packed_hash": "f0d7473f2c7dfc2c28e471633c258bc0f2a82bcae57d7cc309d71b1ee79c29d4",
  "unpacked_hash": "a3c0126db54b8043cb17bdac7ea07fa8945e3fd837ed01243edb7d6213c2a783",
  "seed_score": 373,
  "seed_score_formula": "(2.50×*153.1)/(1+0.0/4+18.6/100)+50",
  "overall_system_score": 950.0,
  "performance_tier": "Elite Performance",
  "warnings": [
    "⚠️  This is a CPU-only benchmark designed to stress test your processor",
    "   GPU acceleration will be available in V2, V3 will use both CPU+GPU",
    "Decompression speed below 100 MB/s - system may be underpowered"
  ],
  "errors": [],
  "os_info": "Windows",
  "cpu_info": "16 cores, 2400 MHz",
  "ram_info": "63.6 GB",
  "storage_info": "SSD: 1, HDD: 0",
  "original_score_v1_1": 802,
  "conversion_date": "2025-07-23 00:51:39"
}
