{
  "mmh_version": "1.2.0",
  "timestamp_utc": "2025-07-23T00:35:05.843386700+00:00",
  "replay_seed": 18129481129305752600,
  "run_mode": "SMOKETEST | MMH‑RS V1",
  "system_tier": "HighEnd",
  "test_set_desc": "~50 MiB deterministic",
  "total_files": 100,
  "total_size_bytes": 52428800,
  "seed_output_size_bytes": 25002173,
  "pack_speed": 185.1694800700237,
  "unpack_speed": 102.47546729296104,
  "verify_speed": 275.5682686954016,
  "pack_time": 0.2700229,
  "unpack_time": 0.2326794,
  "verify_time": 0.0865264,
  "compression_ratio": 2.0969697313909474,
  "files_per_sec": 370.3389601400474,
  "peak_cpu_pct": 17.835316,
  "avg_cpu_pct": 15.153255,
  "peak_ram_mb": 13993576,
  "peak_threads": 326,
  "thermal_throttling": false,
  "memory_pressure": "LOW",
  "input_hash": "09f93b22bbfee6af797b9032bc575c6d6f5d43d8da649b15e101e04b5346054c",
  "packed_hash": "5fee483c8d654953f4f2373a41bd0ba290dd4cad994c5db68ad78181a18bb510",
  "unpacked_hash": "09f93b22bbfee6af797b9032bc575c6d6f5d43d8da649b15e101e04b5346054c",
  "seed_score": 137,
  "seed_score_formula": "(2.10×*187.7)/(1+13.3/4+17.8/100)+50",
  "overall_system_score": 200.0,
  "performance_tier": [
    "Entry Level",
    "Mainstream",
    "High Performance",
    "Enterprise",
    "Ultra Performance",
    "Elite Performance"
  ],
  "warnings": [
    "High memory usage detected - consider more RAM for larger datasets"
  ],
  "errors": [],
  "os_info": "Windows",
  "cpu_info": "16 cores, 2400 MHz",
  "ram_info": "63.6 GB",
  "storage_info": "SSD: 1, HDD: 0",
  "original_score_v1_1": 147,
  "conversion_date": "2025-07-23 00:51:38"
}
