{
  "mmh_version": "1.2.0",
  "timestamp_utc": "2025-07-23T00:13:28.044952-04:00",
  "replay_seed": 8290802540362388509,
  "run_mode": "SMOKETEST | MMH‑RS V1",
  "system_tier": "HighEnd",
  "test_set_desc": "~50 MiB deterministic",
  "total_files": 101,
  "total_size_bytes": 52428800,
  "seed_output_size_bytes": 24557543,
  "pack_speed": 190.47524717020448,
  "unpack_speed": 99.00712597862794,
  "verify_speed": 241.94259502788336,
  "pack_time": 0.2625013,
  "unpack_time": 0.2365476,
  "verify_time": 0.0967994,
  "total_time": 0.5958483,
  "compression_ratio": 2.1349367076339845,
  "files_per_sec": 384.7599992838131,
  "peak_cpu_pct": 16.656435,
  "avg_cpu_pct": 14.917074,
  "peak_ram_mb": 17836,
  "peak_threads": 266,
  "thermal_throttling": false,
  "memory_pressure": "LOW",
  "input_hash": "8b81e6aa2dcb5fedcf38a3f8612f8f08a5e596f74a661447719793514b94d25e",
  "packed_hash": "4100bc7cf7b9fc73b87852f48a01998f1d300eafe544b601e9c934cb553bf298",
  "unpacked_hash": "8b81e6aa2dcb5fedcf38a3f8612f8f08a5e596f74a661447719793514b94d25e",
  "seed_score": 374,
  "seed_score_formula": "(2.13×*177.1)/(1+0.0/4+16.7/100)+50",
  "overall_system_score": 904.0,
  "performance_tier": "Elite Performance",
  "warnings": [
    "⚠️  This is a CPU-only benchmark designed to stress test your processor",
    "   GPU acceleration will be available in V2, V3 will use both CPU+GPU",
    "Decompression speed below 100 MB/s - system may be underpowered"
  ],
  "errors": [],
  "os_info": "Windows",
  "cpu_info": "16 cores, 2400 MHz",
  "ram_info": "63.6 GB",
  "storage_info": "SSD: 1, HDD: 0",
  "original_score_v1_1": 753,
  "conversion_date": "2025-07-23 00:51:39"
}
