{
  "mmh_version": "1.2.0",
  "timestamp_utc": "2025-07-22T20:25:41.260802100+00:00",
  "replay_seed": 12345,
  "run_mode": "SMOKETEST | MMH‑RS V1",
  "system_tier": "HighEnd",
  "test_set_desc": "~50 MiB deterministic",
  "total_files": 97,
  "total_size_bytes": 52428800,
  "seed_output_size_bytes": 22809427,
  "pack_speed": 260.62897068236833,
  "unpack_speed": 67.64884883086006,
  "verify_speed": 259.8697913402471,
  "pack_time": 0.1918436,
  "unpack_time": 0.3215541,
  "verify_time": 0.0837064,
  "compression_ratio": 2.298558398683141,
  "files_per_sec": 505.62020312379457,
  "peak_cpu_pct": 19.372208,
  "avg_cpu_pct": 17.351522,
  "peak_ram_mb": 15840272,
  "peak_threads": 246,
  "thermal_throttling": false,
  "memory_pressure": "LOW",
  "input_hash": "5ee32712fd0acb4459560c57c9863e8efe5bb6325583baa83fc3be334f373d41",
  "packed_hash": "7a9f2ae83756159fd3688155df31eb5b22d02d4af2917d3fa5274d1f554cb753",
  "unpacked_hash": "5ee32712fd0acb4459560c57c9863e8efe5bb6325583baa83fc3be334f373d41",
  "seed_score": 141,
  "seed_score_formula": "(2.30×*196.0)/(1+15.1/4+19.4/100)+50",
  "overall_system_score": 200.0,
  "performance_tier": [
    "Entry Level",
    "Mainstream",
    "High Performance",
    "Enterprise",
    "Ultra Performance",
    "Elite Performance"
  ],
  "warnings": [
    "Decompression speed below 100 MB/s - system may be underpowered",
    "High memory usage detected - consider more RAM for larger datasets"
  ],
  "errors": [],
  "os_info": "Windows",
  "cpu_info": "16 cores, 2400 MHz",
  "ram_info": "63.6 GB",
  "storage_info": "SSD: 1, HDD: 0",
  "original_score_v1_1": 151,
  "conversion_date": "2025-07-23 00:51:38"
}
