{
  "mmh_version": "1.2.0",
  "timestamp_utc": "2025-07-23T00:25:52.270221200+00:00",
  "replay_seed": 4675227014634528880,
  "run_mode": "Mainstream | MMH‑RS V1",
  "system_tier": "HighEnd",
  "test_set_desc": "32 GiB deterministic",
  "total_files": 64926,
  "total_size_bytes": 34359738368,
  "seed_output_size_bytes": 15946379309,
  "pack_speed": 54.03666718803718,
  "unpack_speed": 47.73414586557474,
  "verify_speed": 87.45140973727646,
  "pack_time": 606.4030538,
  "unpack_time": 318.5906464,
  "verify_time": 173.8983103,
  "compression_ratio": 2.154704695165984,
  "files_per_sec": 107.06740276643377,
  "peak_cpu_pct": 31.528374,
  "avg_cpu_pct": 29.159458,
  "peak_ram_mb": 19261084,
  "peak_threads": 329,
  "thermal_throttling": false,
  "memory_pressure": "LOW",
  "input_hash": "44aef5790180c96b1cdea97de8a0fd25e5551c2bd28eaced1a689025cc1146ee",
  "packed_hash": "8a7c919a608695f7345b8a6afeb2364278a64c3b89d9004aa0399ca03f71c2dd",
  "unpacked_hash": "44aef5790180c96b1cdea97de8a0fd25e5551c2bd28eaced1a689025cc1146ee",
  "seed_score": 73,
  "seed_score_formula": "(2.15×*63.1)/(1+18.4/4+31.5/100)+50",
  "overall_system_score": 434.0,
  "performance_tier": [
    "High Performance",
    "Enterprise",
    "Ultra Performance",
    "Elite Performance"
  ],
  "warnings": [
    "Decompression speed below 100 MB/s - system may be underpowered",
    "High memory usage detected - consider more RAM for larger datasets"
  ],
  "errors": [],
  "os_info": "Windows",
  "cpu_info": "16 cores, 2400 MHz",
  "ram_info": "63.6 GB",
  "storage_info": "SSD: 1, HDD: 0",
  "conversion_notes": "Converted to V1.2.0 1000-point scoring system",
  "original_score_v1_1": 362.0,
  "conversion_date": "2025-07-23 00:51:38"
}
