{
  "mmh_version": "1.2.0",
  "timestamp_utc": "2025-07-22T19:19:52.505469-04:00",
  "replay_seed": 7517881496262137451,
  "run_mode": "SMOKETEST | MMH‑RS V1",
  "system_tier": "HighEnd",
  "test_set_desc": "~50 MiB deterministic",
  "total_files": 92,
  "total_size_bytes": 52428800,
  "seed_output_size_bytes": 24159689,
  "pack_speed": 191.27166199389998,
  "unpack_speed": 119.4386235586927,
  "verify_speed": 257.312136324182,
  "pack_time": 0.2614083,
  "unpack_time": 0.1929064,
  "verify_time": 0.0895429,
  "compression_ratio": 2.170094159738563,
  "files_per_sec": 351.93985806877595,
  "peak_cpu_pct": 22.577497,
  "avg_cpu_pct": 20.190464,
  "peak_ram_mb": 19900212,
  "peak_threads": 319,
  "thermal_throttling": false,
  "memory_pressure": "LOW",
  "input_hash": "27a40824c6c4128c1a3d75e64cb028508c36d1d36de2c815bb557983f926f88f",
  "packed_hash": "9f68ec4e631fe515a06afeddddb8134b38ddcd8ee92bfada30c5dac941b4d0af",
  "unpacked_hash": "27a40824c6c4128c1a3d75e64cb028508c36d1d36de2c815bb557983f926f88f",
  "seed_score": 119,
  "seed_score_formula": "(2.17×*189.3)/(1+19.0/4+22.6/100)+50",
  "overall_system_score": 200.0,
  "performance_tier": [
    "Entry Level",
    "Mainstream",
    "High Performance",
    "Enterprise",
    "Ultra Performance",
    "Elite Performance"
  ],
  "warnings": [
    "High memory usage detected - consider more RAM for larger datasets"
  ],
  "errors": [],
  "os_info": "Windows",
  "cpu_info": "16 cores, 2400 MHz",
  "ram_info": "63.6 GB",
  "storage_info": "SSD: 1, HDD: 0",
  "original_score_v1_1": 129,
  "conversion_date": "2025-07-23 00:51:38"
}
