{
  "mmh_version": "1.2.0",
  "timestamp_utc": "2025-07-23T00:33:08.550956200+00:00",
  "replay_seed": 11482839120338007501,
  "run_mode": "SMOKETEST | MMH‑RS V1",
  "system_tier": "HighEnd",
  "test_set_desc": "~50 MiB deterministic",
  "total_files": 106,
  "total_size_bytes": 52428800,
  "seed_output_size_bytes": 28134378,
  "pack_speed": 180.35832871315412,
  "unpack_speed": 113.54307046493753,
  "verify_speed": 358.9291895531288,
  "pack_time": 0.2772259,
  "unpack_time": 0.2363071,
  "verify_time": 0.074753,
  "compression_ratio": 1.8635137410892824,
  "files_per_sec": 382.3596568718867,
  "peak_cpu_pct": 14.575833,
  "avg_cpu_pct": 12.638645,
  "peak_ram_mb": 13686628,
  "peak_threads": 326,
  "thermal_throttling": false,
  "memory_pressure": "LOW",
  "input_hash": "f458130f07a26f275cd6aba1bf3ef83dd85746b377e17971fed11a0d73903412",
  "packed_hash": "c408c9a68f7409bdc8ed928d3eb0a10f880c2c48e2c3e9c08ec352c3c7137a73",
  "unpacked_hash": "f458130f07a26f275cd6aba1bf3ef83dd85746b377e17971fed11a0d73903412",
  "seed_score": 142,
  "seed_score_formula": "(1.86×*217.6)/(1+13.1/4+14.6/100)+50",
  "overall_system_score": 200.0,
  "performance_tier": [
    "Entry Level",
    "Mainstream",
    "High Performance",
    "Enterprise",
    "Ultra Performance",
    "Elite Performance"
  ],
  "warnings": [
    "High memory usage detected - consider more RAM for larger datasets"
  ],
  "errors": [],
  "os_info": "Windows",
  "cpu_info": "16 cores, 2400 MHz",
  "ram_info": "63.6 GB",
  "storage_info": "SSD: 1, HDD: 0",
  "original_score_v1_1": 132,
  "conversion_date": "2025-07-23 00:51:38"
}
