{
  "mmh_version": "1.2.0",
  "timestamp_utc": "2025-07-23T03:12:25.949275600+00:00",
  "replay_seed": 5282515509973553274,
  "run_mode": "SMOKETEST | MMH‑RS V1",
  "system_tier": "HighEnd",
  "test_set_desc": "~50 MiB deterministic",
  "total_files": 98,
  "total_size_bytes": 52428800,
  "seed_output_size_bytes": 24096754,
  "pack_speed": 201.84926220057682,
  "unpack_speed": 94.0053178570958,
  "verify_speed": 224.615047918487,
  "pack_time": 0.2477096,
  "unpack_time": 0.2444591,
  "verify_time": 0.1023104,
  "total_time": 0.5944791,
  "compression_ratio": 2.175761930424322,
  "files_per_sec": 395.6245539131305,
  "peak_cpu_pct": 16.169003,
  "avg_cpu_pct": 14.709605,
  "peak_ram_mb": 16107,
  "peak_threads": 260,
  "thermal_throttling": false,
  "memory_pressure": "LOW",
  "input_hash": "3203a22457d15874751665902893a5d68823dc4166b7b60b742a6d67ba3072e7",
  "packed_hash": "32b0a612ddfc8f88adbbdfd61b3c760e0e003af7aebcdcc0a8db8cd5c22dc8e2",
  "unpacked_hash": "3203a22457d15874751665902893a5d68823dc4166b7b60b742a6d67ba3072e7",
  "seed_score": 375,
  "seed_score_formula": "(2.18×*173.5)/(1+0.0/4+16.2/100)+50",
  "overall_system_score": 911.0,
  "performance_tier": "Elite Performance",
  "warnings": [
    "⚠️  This is a CPU-only benchmark designed to stress test your processor",
    "   GPU acceleration will be available in V2, V3 will use both CPU+GPU",
    "Decompression speed below 100 MB/s - system may be underpowered"
  ],
  "errors": [],
  "os_info": "Windows",
  "cpu_info": "16 cores, 2400 MHz",
  "ram_info": "63.6 GB",
  "storage_info": "SSD: 1, HDD: 0",
  "original_score_v1_1": 759,
  "conversion_date": "2025-07-23 00:51:39"
}
