{
  "mmh_version": "1.2.0",
  "timestamp_utc": "2025-07-23T03:57:33.167309400+00:00",
  "replay_seed": 13017358411796108692,
  "run_mode": "SMOKETEST | MMH‑RS V1",
  "system_tier": "HighEnd",
  "test_set_desc": "~50 MiB deterministic",
  "total_files": 103,
  "total_size_bytes": 52428800,
  "seed_output_size_bytes": 28143094,
  "pack_speed": 156.56621482700842,
  "unpack_speed": 92.7087679692618,
  "verify_speed": 266.81073802212114,
  "pack_time": 0.3193537,
  "unpack_time": 0.2895017,
  "verify_time": 0.1005932,
  "total_time": 0.7094486,
  "compression_ratio": 1.8629366053355754,
  "files_per_sec": 322.52640254363735,
  "peak_cpu_pct": 33.930065,
  "avg_cpu_pct": 26.44773,
  "peak_ram_mb": 17841,
  "peak_threads": 274,
  "thermal_throttling": false,
  "memory_pressure": "LOW",
  "input_hash": "2cd2879542ddceea850e321a0ce000a8aee60442ba64f4871bc8b5d2905a0f56",
  "packed_hash": "92f6f594d7946b5980dc06733b9a11bb4b9c89c7c74ab4430af6994e8193f5e0",
  "unpacked_hash": "2cd2879542ddceea850e321a0ce000a8aee60442ba64f4871bc8b5d2905a0f56",
  "seed_score": 289,
  "seed_score_formula": "(1.86×*172.0)/(1+0.0/4+33.9/100)+50",
  "overall_system_score": 862.0,
  "performance_tier": "Elite Performance",
  "warnings": [
    "⚠️  This is a CPU-only benchmark designed to stress test your processor",
    "   GPU acceleration will be available in V2, V3 will use both CPU+GPU",
    "Decompression speed below 100 MB/s - system may be underpowered"
  ],
  "errors": [],
  "os_info": "Windows",
  "cpu_info": "16 cores, 2400 MHz",
  "ram_info": "63.6 GB",
  "storage_info": "SSD: 1, HDD: 0",
  "original_score_v1_1": 718,
  "conversion_date": "2025-07-23 00:51:39"
}
