{
  "mmh_version": "1.2.0",
  "timestamp_utc": "2025-07-23T03:38:17.142086800+00:00",
  "replay_seed": 9662773117837033706,
  "run_mode": "SMOKETEST | MMH‑RS V1",
  "system_tier": "HighEnd",
  "test_set_desc": "~50 MiB deterministic",
  "total_files": 106,
  "total_size_bytes": 52428800,
  "seed_output_size_bytes": 25315629,
  "pack_speed": 216.82604826721297,
  "unpack_speed": 92.72532549282516,
  "verify_speed": 228.78377269295288,
  "pack_time": 0.2305996,
  "unpack_time": 0.2603697,
  "verify_time": 0.105527,
  "total_time": 0.5964963,
  "compression_ratio": 2.071005227640206,
  "files_per_sec": 459.6712223264915,
  "peak_cpu_pct": 26.084011,
  "avg_cpu_pct": 22.484993,
  "peak_ram_mb": 17707,
  "peak_threads": 264,
  "thermal_throttling": false,
  "memory_pressure": "LOW",
  "input_hash": "39abb2919b6001ebe77e045ab73afc07cebb4742e16338ba867300658f1cdc70",
  "packed_hash": "1ce5e7e69b4860146e6682895bcd86f8bb0aff5085f59eb0d2ff39e1e5ec1740",
  "unpacked_hash": "39abb2919b6001ebe77e045ab73afc07cebb4742e16338ba867300658f1cdc70",
  "seed_score": 345,
  "seed_score_formula": "(2.07×*179.4)/(1+0.0/4+26.1/100)+50",
  "overall_system_score": 894.0,
  "performance_tier": "Elite Performance",
  "warnings": [
    "⚠️  This is a CPU-only benchmark designed to stress test your processor",
    "   GPU acceleration will be available in V2, V3 will use both CPU+GPU",
    "Decompression speed below 100 MB/s - system may be underpowered"
  ],
  "errors": [],
  "os_info": "Windows",
  "cpu_info": "16 cores, 2400 MHz",
  "ram_info": "63.6 GB",
  "storage_info": "SSD: 1, HDD: 0",
  "original_score_v1_1": 745,
  "conversion_date": "2025-07-23 00:51:39"
}
