{
  "mmh_version": "1.2.0",
  "timestamp_utc": "2025-07-23T03:14:16.344251500+00:00",
  "replay_seed": 191571353392549544,
  "run_mode": "SMOKETEST | MMH‑RS V1",
  "system_tier": "HighEnd",
  "test_set_desc": "~50 MiB deterministic",
  "total_files": 94,
  "total_size_bytes": 52428800,
  "seed_output_size_bytes": 23780747,
  "pack_speed": 187.6626096512628,
  "unpack_speed": 80.66466243736939,
  "verify_speed": 211.77319223443695,
  "pack_time": 0.2664356,
  "unpack_time": 0.2811527,
  "verify_time": 0.1070914,
  "total_time": 0.6546797,
  "compression_ratio": 2.2046742265917887,
  "files_per_sec": 352.8057061443741,
  "peak_cpu_pct": 28.853054,
  "avg_cpu_pct": 27.524494,
  "peak_ram_mb": 16159,
  "peak_threads": 268,
  "thermal_throttling": false,
  "memory_pressure": "LOW",
  "input_hash": "1e48f5f0643ddc47f80b816a6979ae9055ed786b914f69c518ca44cdbc590745",
  "packed_hash": "b5d87e33a049b307f4070044fd4d984cb4aed718e327d6f75a9270e55cb41ffe",
  "unpacked_hash": "1e48f5f0643ddc47f80b816a6979ae9055ed786b914f69c518ca44cdbc590745",
  "seed_score": 324,
  "seed_score_formula": "(2.20×*160.0)/(1+0.0/4+28.9/100)+50",
  "overall_system_score": 916.0,
  "performance_tier": "Elite Performance",
  "warnings": [
    "⚠️  This is a CPU-only benchmark designed to stress test your processor",
    "   GPU acceleration will be available in V2, V3 will use both CPU+GPU",
    "Decompression speed below 100 MB/s - system may be underpowered"
  ],
  "errors": [],
  "os_info": "Windows",
  "cpu_info": "16 cores, 2400 MHz",
  "ram_info": "63.6 GB",
  "storage_info": "SSD: 1, HDD: 0",
  "original_score_v1_1": 763,
  "conversion_date": "2025-07-23 00:51:39"
}
