{
  "mmh_version": "1.2.0",
  "timestamp_utc": "2025-07-22T20:25:04.223232600+00:00",
  "replay_seed": 16598316895451988652,
  "run_mode": "SMOKETEST | MMH‑RS V1",
  "system_tier": "HighEnd",
  "test_set_desc": "~50 MiB deterministic",
  "total_files": 110,
  "total_size_bytes": 52428800,
  "seed_output_size_bytes": 23569792,
  "pack_speed": 221.06384766048131,
  "unpack_speed": 80.32981633719616,
  "verify_speed": 257.49125700706674,
  "pack_time": 0.226179,
  "unpack_time": 0.2798202,
  "verify_time": 0.0872958,
  "compression_ratio": 2.2244065624338134,
  "files_per_sec": 486.3404648530589,
  "peak_cpu_pct": 21.288456,
  "avg_cpu_pct": 20.419033,
  "peak_ram_mb": 15719556,
  "peak_threads": 246,
  "thermal_throttling": false,
  "memory_pressure": "LOW",
  "input_hash": "f96c46eabdc3018ceae9a6d63f5a0ce7774aa16025a95fa059ab86ce7f6dcbcf",
  "packed_hash": "7b67e815cd71d703a7c83b0984d072fb690d374b33354cda12e4c30cf095c1fd",
  "unpacked_hash": "f96c46eabdc3018ceae9a6d63f5a0ce7774aa16025a95fa059ab86ce7f6dcbcf",
  "seed_score": 134,
  "seed_score_formula": "(2.22×*186.3)/(1+15.0/4+21.3/100)+50",
  "overall_system_score": 200.0,
  "performance_tier": [
    "Entry Level",
    "Mainstream",
    "High Performance",
    "Enterprise",
    "Ultra Performance",
    "Elite Performance"
  ],
  "warnings": [
    "Decompression speed below 100 MB/s - system may be underpowered",
    "High memory usage detected - consider more RAM for larger datasets"
  ],
  "errors": [],
  "os_info": "Windows",
  "cpu_info": "16 cores, 2400 MHz",
  "ram_info": "63.6 GB",
  "storage_info": "SSD: 1, HDD: 0",
  "original_score_v1_1": 144,
  "conversion_date": "2025-07-23 00:51:38"
}
