{
  "mmh_version": "1.2.0",
  "timestamp_utc": "2025-07-23T04:10:14.456065400+00:00",
  "replay_seed": 10101362757908421841,
  "run_mode": "SMOKETEST | MMH‑RS V1",
  "system_tier": "HighEnd",
  "test_set_desc": "~50 MiB deterministic",
  "total_files": 97,
  "total_size_bytes": 52428800,
  "seed_output_size_bytes": 23552980,
  "pack_speed": 163.36249680626318,
  "unpack_speed": 65.86307925820216,
  "verify_speed": 223.5537111284847,
  "pack_time": 0.3060678,
  "unpack_time": 0.3410389,
  "verify_time": 0.1004764,
  "total_time": 0.7475831,
  "compression_ratio": 2.2259943327765743,
  "files_per_sec": 316.92324380415056,
  "peak_cpu_pct": 22.1315,
  "avg_cpu_pct": 22.086023,
  "peak_ram_mb": 17932,
  "peak_threads": 272,
  "thermal_throttling": false,
  "memory_pressure": "LOW",
  "input_hash": "767696d43d44e57964204218c9b5c192976616771e195b425205d62bcb572659",
  "packed_hash": "7d1766e1afa41ecf025fae230f00ce4db53cb9a9c39584db1ce4699f44f17087",
  "unpacked_hash": "767696d43d44e57964204218c9b5c192976616771e195b425205d62bcb572659",
  "seed_score": 325,
  "seed_score_formula": "(2.23×*150.9)/(1+0.0/4+22.1/100)+50",
  "overall_system_score": 919.0,
  "performance_tier": "Elite Performance",
  "warnings": [
    "⚠️  This is a CPU-only benchmark designed to stress test your processor",
    "   GPU acceleration will be available in V2, V3 will use both CPU+GPU",
    "Decompression speed below 100 MB/s - system may be underpowered"
  ],
  "errors": [],
  "os_info": "Windows",
  "cpu_info": "16 cores, 2400 MHz",
  "ram_info": "63.6 GB",
  "storage_info": "SSD: 1, HDD: 0",
  "original_score_v1_1": 766,
  "conversion_date": "2025-07-23 00:51:39"
}
