{
  "mmh_version": "1.2.0",
  "timestamp_utc": "2025-07-23T04:37:49.045625200+00:00",
  "replay_seed": 13080022814061555815,
  "run_mode": "SMOKETEST | MMH‑RS V1",
  "system_tier": "HighEnd",
  "test_set_desc": "~50 MiB deterministic",
  "total_files": 95,
  "total_size_bytes": 52428800,
  "seed_output_size_bytes": 24941303,
  "pack_speed": 195.15965035197044,
  "unpack_speed": 78.13761793319654,
  "verify_speed": 230.93311671769777,
  "pack_time": 0.2562005,
  "unpack_time": 0.3044101,
  "verify_time": 0.102999,
  "total_time": 0.6636095999999999,
  "compression_ratio": 2.1020874490799457,
  "files_per_sec": 370.80333566874384,
  "peak_cpu_pct": 15.40224,
  "avg_cpu_pct": 13.803635,
  "peak_ram_mb": 18503,
  "peak_threads": 268,
  "thermal_throttling": false,
  "memory_pressure": "LOW",
  "input_hash": "3a58e98872526973038d8813de6ba2705cc6b6e3de0666e760b5a8dbaa4aaa71",
  "packed_hash": "5c51f07cabccc439a69cf31eea41dd74969bb273ccd15a98eb3f6bb89815e7b0",
  "unpacked_hash": "3a58e98872526973038d8813de6ba2705cc6b6e3de0666e760b5a8dbaa4aaa71",
  "seed_score": 356,
  "seed_score_formula": "(2.10×*168.1)/(1+0.0/4+15.4/100)+50",
  "overall_system_score": 899.0,
  "performance_tier": "Elite Performance",
  "warnings": [
    "⚠️  This is a CPU-only benchmark designed to stress test your processor",
    "   GPU acceleration will be available in V2, V3 will use both CPU+GPU",
    "Decompression speed below 100 MB/s - system may be underpowered"
  ],
  "errors": [],
  "os_info": "Windows",
  "cpu_info": "16 cores, 2400 MHz",
  "ram_info": "63.6 GB",
  "storage_info": "SSD: 1, HDD: 0",
  "original_score_v1_1": 749,
  "conversion_date": "2025-07-23 00:51:39"
}
