{
  "mmh_version": "1.2.0",
  "timestamp_utc": "2025-07-23T03:34:19.053943600+00:00",
  "replay_seed": 352468846856929612,
  "run_mode": "SMOKETEST | MMH‑RS V1",
  "system_tier": "HighEnd",
  "test_set_desc": "~50 MiB deterministic",
  "total_files": 99,
  "total_size_bytes": 52428800,
  "seed_output_size_bytes": 24601412,
  "pack_speed": 180.94039063582812,
  "unpack_speed": 62.6010348197939,
  "verify_speed": 241.6411304562572,
  "pack_time": 0.2763341,
  "unpack_time": 0.3747819,
  "verify_time": 0.0970933,
  "total_time": 0.7482093000000001,
  "compression_ratio": 2.1311297091402723,
  "files_per_sec": 358.2619734589397,
  "peak_cpu_pct": 43.06491,
  "avg_cpu_pct": 31.945854,
  "peak_ram_mb": 17484,
  "peak_threads": 268,
  "thermal_throttling": false,
  "memory_pressure": "LOW",
  "input_hash": "93cf1d22776a40f258417481cd11aed67c9160ec9d35455a1c33212d2f464b95",
  "packed_hash": "b930c261a2b062ed706e2be423ddc2ed1aad6c2e071f0600b098c576cc1598e6",
  "unpacked_hash": "93cf1d22776a40f258417481cd11aed67c9160ec9d35455a1c33212d2f464b95",
  "seed_score": 291,
  "seed_score_formula": "(2.13×*161.7)/(1+0.0/4+43.1/100)+50",
  "overall_system_score": 905.0,
  "performance_tier": "Elite Performance",
  "warnings": [
    "⚠️  This is a CPU-only benchmark designed to stress test your processor",
    "   GPU acceleration will be available in V2, V3 will use both CPU+GPU",
    "Decompression speed below 100 MB/s - system may be underpowered"
  ],
  "errors": [],
  "os_info": "Windows",
  "cpu_info": "16 cores, 2400 MHz",
  "ram_info": "63.6 GB",
  "storage_info": "SSD: 1, HDD: 0",
  "original_score_v1_1": 754,
  "conversion_date": "2025-07-23 00:51:39"
}
