{
  "mmh_version": "1.2.0",
  "timestamp_utc": "2025-07-23T03:55:33.849837800+00:00",
  "replay_seed": 16525338385690961757,
  "run_mode": "SMOKETEST | MMH‑RS V1",
  "system_tier": "HighEnd",
  "test_set_desc": "~50 MiB deterministic",
  "total_files": 99,
  "total_size_bytes": 52428800,
  "seed_output_size_bytes": 21324136,
  "pack_speed": 202.42308530027847,
  "unpack_speed": 60.109656111523826,
  "verify_speed": 195.84000607421044,
  "pack_time": 0.2470074,
  "unpack_time": 0.3383197,
  "verify_time": 0.1038413,
  "total_time": 0.6891684,
  "compression_ratio": 2.458659989788097,
  "files_per_sec": 400.79770889455136,
  "peak_cpu_pct": 27.634626,
  "avg_cpu_pct": 26.662857,
  "peak_ram_mb": 17762,
  "peak_threads": 275,
  "thermal_throttling": false,
  "memory_pressure": "LOW",
  "input_hash": "886e0aed2cada3f3518995612448b7a41da64f0c5966d507289c0857539daf50",
  "packed_hash": "db0539a53ed7e270c9cf80222b6ea483926b3643b10e4100af6e4af82d64c4fb",
  "unpacked_hash": "886e0aed2cada3f3518995612448b7a41da64f0c5966d507289c0857539daf50",
  "seed_score": 344,
  "seed_score_formula": "(2.46×*152.8)/(1+0.0/4+27.6/100)+50",
  "overall_system_score": 950.0,
  "performance_tier": "Elite Performance",
  "warnings": [
    "⚠️  This is a CPU-only benchmark designed to stress test your processor",
    "   GPU acceleration will be available in V2, V3 will use both CPU+GPU",
    "Decompression speed below 100 MB/s - system may be underpowered"
  ],
  "errors": [],
  "os_info": "Windows",
  "cpu_info": "16 cores, 2400 MHz",
  "ram_info": "63.6 GB",
  "storage_info": "SSD: 1, HDD: 0",
  "original_score_v1_1": 797,
  "conversion_date": "2025-07-23 00:51:39"
}
