{
  "mmh_version": "1.2.0",
  "timestamp_utc": "2025-07-23T02:05:57.547561100+00:00",
  "replay_seed": 6246136311831950437,
  "run_mode": "SMOKETEST | MMH‑RS V1",
  "system_tier": "HighEnd",
  "test_set_desc": "~50 MiB deterministic",
  "total_files": 107,
  "total_size_bytes": 52428800,
  "seed_output_size_bytes": 25672419,
  "pack_speed": 10.487990684314962,
  "unpack_speed": 24.37476132641485,
  "verify_speed": 5.346183667245499,
  "pack_time": 4.7673574,
  "unpack_time": 1.0044458,
  "verify_time": 4.5795521,
  "total_time": 10.3513553,
  "compression_ratio": 2.042222822866828,
  "files_per_sec": 22.44430006443402,
  "peak_cpu_pct": 12.178922,
  "avg_cpu_pct": 10.741365,
  "peak_ram_mb": 15102,
  "peak_threads": 255,
  "thermal_throttling": false,
  "memory_pressure": "LOW",
  "input_hash": "a07f194f516c66dfe0d538429033a433faabc90c059c12eb2e00260a01236097",
  "packed_hash": "9f49281c5b7685db9616d6026fe24e8314c7701fb60ac516a1eaaee6b5e92f5d",
  "unpacked_hash": "a07f194f516c66dfe0d538429033a433faabc90c059c12eb2e00260a01236097",
  "seed_score": 74,
  "seed_score_formula": "(2.04×*13.4)/(1+0.0/4+12.2/100)+50",
  "overall_system_score": 511.0,
  "performance_tier": [
    "High Performance",
    "Enterprise",
    "Ultra Performance",
    "Elite Performance"
  ],
  "warnings": [
    "⚠️  This is a CPU-only benchmark designed to stress test your processor",
    "   GPU acceleration will be available in V2, V3 will use both CPU+GPU",
    "Compression speed below 50 MB/s - consider faster storage",
    "Decompression speed below 100 MB/s - system may be underpowered"
  ],
  "errors": [],
  "os_info": "Windows",
  "cpu_info": "16 cores, 2400 MHz",
  "ram_info": "63.6 GB",
  "storage_info": "SSD: 1, HDD: 0",
  "original_score_v1_1": 426,
  "conversion_date": "2025-07-23 00:51:38"
}
