{
  "mmh_version": "1.2.0",
  "timestamp_utc": "2025-07-23T03:20:41.255511200+00:00",
  "replay_seed": 7845635056086082362,
  "run_mode": "Mainstream | MMH‑RS V1",
  "system_tier": "HighEnd",
  "test_set_desc": "2 GiB deterministic",
  "total_files": 4126,
  "total_size_bytes": 2147483648,
  "seed_output_size_bytes": 1003819697,
  "pack_speed": 174.09612234550593,
  "unpack_speed": 77.31205633835016,
  "verify_speed": 243.43328321123082,
  "pack_time": 11.7636164,
  "unpack_time": 12.3825068,
  "verify_time": 3.9325644,
  "total_time": 28.0786876,
  "compression_ratio": 2.139312123898282,
  "files_per_sec": 350.7424808581824,
  "peak_cpu_pct": 29.076912,
  "avg_cpu_pct": 24.839794,
  "peak_ram_mb": 18406,
  "peak_threads": 254,
  "thermal_throttling": false,
  "memory_pressure": "LOW",
  "input_hash": "671b53e028653557034063c753d6d5d771c265609cd5224062b8f4f313ced132",
  "packed_hash": "3ff498e10c4a0c841d3cc45d2aff8561d4b28182f47157b9b2b8b4fbc347407a",
  "unpacked_hash": "671b53e028653557034063c753d6d5d771c265609cd5224062b8f4f313ced132",
  "seed_score": 323,
  "seed_score_formula": "(2.14×*164.9)/(1+0.0/4+29.1/100)+50",
  "overall_system_score": 940.0,
  "performance_tier": "Elite Performance",
  "warnings": [
    "⚠️  This is a CPU-only benchmark designed to stress test your processor",
    "   GPU acceleration will be available in V2, V3 will use both CPU+GPU",
    "Decompression speed below 100 MB/s - system may be underpowered"
  ],
  "errors": [],
  "os_info": "Windows",
  "cpu_info": "16 cores, 2400 MHz",
  "ram_info": "63.6 GB",
  "storage_info": "SSD: 1, HDD: 0",
  "original_score_v1_1": 783,
  "conversion_date": "2025-07-23 00:51:39"
}
