{
  "mmh_version": "1.2.0",
  "timestamp_utc": "2025-07-23T00:33:35.539034800+00:00",
  "replay_seed": 6738598751050822923,
  "run_mode": "SMOKETEST | MMH‑RS V1",
  "system_tier": "HighEnd",
  "test_set_desc": "~50 MiB deterministic",
  "total_files": 111,
  "total_size_bytes": 52428800,
  "seed_output_size_bytes": 24140732,
  "pack_speed": 196.35571644506618,
  "unpack_speed": 74.39923245448767,
  "verify_speed": 259.1745338287362,
  "pack_time": 0.2546399,
  "unpack_time": 0.309444,
  "verify_time": 0.0888297,
  "compression_ratio": 2.1717982702430065,
  "files_per_sec": 435.9096905080469,
  "peak_cpu_pct": 14.341047,
  "avg_cpu_pct": 12.802278,
  "peak_ram_mb": 13762340,
  "peak_threads": 326,
  "thermal_throttling": false,
  "memory_pressure": "LOW",
  "input_hash": "cf0d7c75f09cbd729fe20fa671b3b4b1ba4c92e18ea3aa3df1c70846d6c0bf9a",
  "packed_hash": "82e787aa9d514c7843407615c44d0e7847d12331b40d5b6daca0f054e746e98b",
  "unpacked_hash": "cf0d7c75f09cbd729fe20fa671b3b4b1ba4c92e18ea3aa3df1c70846d6c0bf9a",
  "seed_score": 137,
  "seed_score_formula": "(2.17×*176.6)/(1+13.1/4+14.3/100)+50",
  "overall_system_score": 200.0,
  "performance_tier": [
    "Entry Level",
    "Mainstream",
    "High Performance",
    "Enterprise",
    "Ultra Performance",
    "Elite Performance"
  ],
  "warnings": [
    "Decompression speed below 100 MB/s - system may be underpowered",
    "High memory usage detected - consider more RAM for larger datasets"
  ],
  "errors": [],
  "os_info": "Windows",
  "cpu_info": "16 cores, 2400 MHz",
  "ram_info": "63.6 GB",
  "storage_info": "SSD: 1, HDD: 0",
  "original_score_v1_1": 147,
  "conversion_date": "2025-07-23 00:51:38"
}
