{
  "mmh_version": "1.2.0",
  "timestamp_utc": "2025-07-23T04:55:50.316118300+00:00",
  "replay_seed": 4646103500260920678,
  "run_mode": "SMOKETEST | MMH‑RS V1",
  "system_tier": "HighEnd",
  "test_set_desc": "~50 MiB deterministic",
  "total_files": 101,
  "total_size_bytes": 52428800,
  "seed_output_size_bytes": 19393163,
  "pack_speed": 175.49007357947804,
  "unpack_speed": 58.99885818265217,
  "verify_speed": 191.24275234886747,
  "pack_time": 0.2849164,
  "unpack_time": 0.3134766,
  "verify_time": 0.0967083,
  "total_time": 0.6951012999999999,
  "compression_ratio": 2.7034682274366486,
  "files_per_sec": 354.48994863054565,
  "peak_cpu_pct": 20.759205,
  "avg_cpu_pct": 18.256702,
  "peak_ram_mb": 15857,
  "peak_threads": 253,
  "thermal_throttling": false,
  "memory_pressure": "LOW",
  "input_hash": "06a41a004df6a4631e2c8fe5059be8c6498cc36b24e52024bc5e9dda4949644d",
  "packed_hash": "ade9b3e62ff82c4e1c7befa6989d30edcca6d54422485c14bd731c004e6c9ce8",
  "unpacked_hash": "06a41a004df6a4631e2c8fe5059be8c6498cc36b24e52024bc5e9dda4949644d",
  "seed_score": 368,
  "seed_score_formula": "(2.70×*141.9)/(1+0.0/4+20.8/100)+50",
  "overall_system_score": 598,
  "performance_tier": "High Performance",
  "warnings": [
    "⚠️  This is a CPU-only benchmark designed to stress test your processor",
    "   GPU acceleration will be available in V2, V3 will use both CPU+GPU",
    "Decompression speed below 100 MB/s - system may be underpowered"
  ],
  "errors": [],
  "os_info": "Windows",
  "cpu_info": "16 cores, 2400 MHz",
  "ram_info": "63.6 GB",
  "storage_info": "SSD: 1, HDD: 0"
}