{
  "mmh_version": "1.2.0",
  "timestamp_utc": "2025-07-23T04:04:52.479127500+00:00",
  "replay_seed": 17340240930134907571,
  "run_mode": "SMOKETEST | MMH‑RS V1",
  "system_tier": "HighEnd",
  "test_set_desc": "~50 MiB deterministic",
  "total_files": 90,
  "total_size_bytes": 52428800,
  "seed_output_size_bytes": 24901172,
  "pack_speed": 194.7543310441909,
  "unpack_speed": 90.39634581099001,
  "verify_speed": 238.38671911516445,
  "pack_time": 0.2567337,
  "unpack_time": 0.2627054,
  "verify_time": 0.099618,
  "total_time": 0.6190571,
  "compression_ratio": 2.1054751961072355,
  "files_per_sec": 350.5577958795437,
  "peak_cpu_pct": 27.232624,
  "avg_cpu_pct": 23.708796,
  "peak_ram_mb": 17624,
  "peak_threads": 272,
  "thermal_throttling": false,
  "memory_pressure": "LOW",
  "input_hash": "81beac246bc604d9ed1ba8f1d2b7c79cf04bc6fe0aa485ed0ca4ddbd34e45989",
  "packed_hash": "1741c7132ffc376ba4ccf6ddd286f95f24d43d3fc6feabff74fe078a27906d9d",
  "unpacked_hash": "81beac246bc604d9ed1ba8f1d2b7c79cf04bc6fe0aa485ed0ca4ddbd34e45989",
  "seed_score": 339,
  "seed_score_formula": "(2.11×*174.5)/(1+0.0/4+27.2/100)+50",
  "overall_system_score": 900.0,
  "performance_tier": "Elite Performance",
  "warnings": [
    "⚠️  This is a CPU-only benchmark designed to stress test your processor",
    "   GPU acceleration will be available in V2, V3 will use both CPU+GPU",
    "Decompression speed below 100 MB/s - system may be underpowered"
  ],
  "errors": [],
  "os_info": "Windows",
  "cpu_info": "16 cores, 2400 MHz",
  "ram_info": "63.6 GB",
  "storage_info": "SSD: 1, HDD: 0",
  "original_score_v1_1": 750,
  "conversion_date": "2025-07-23 00:51:39"
}
