{
  "mmh_version": "1.2.0",
  "timestamp_utc": "2025-07-23T00:34:19.631017100+00:00",
  "replay_seed": 16881512043928143447,
  "run_mode": "SMOKETEST | MMH‑RS V1",
  "system_tier": "HighEnd",
  "test_set_desc": "~50 MiB deterministic",
  "total_files": 110,
  "total_size_bytes": 52428800,
  "seed_output_size_bytes": 25662384,
  "pack_speed": 185.44432646064297,
  "unpack_speed": 84.97570894599492,
  "verify_speed": 281.5022989489733,
  "pack_time": 0.2696227,
  "unpack_time": 0.2880065,
  "verify_time": 0.0869391,
  "compression_ratio": 2.0430214121961545,
  "files_per_sec": 407.97751821341456,
  "peak_cpu_pct": 18.0941,
  "avg_cpu_pct": 15.130688,
  "peak_ram_mb": 13869292,
  "peak_threads": 326,
  "thermal_throttling": false,
  "memory_pressure": "LOW",
  "input_hash": "b38dfa858ddad36e46c1803bdc08bc74dcbce32c82723620c5105592494ba75d",
  "packed_hash": "27d11963f0f284c57d2e5865b5abd6cb0b62e3c5b19a628902d9481ba289a102",
  "unpacked_hash": "b38dfa858ddad36e46c1803bdc08bc74dcbce32c82723620c5105592494ba75d",
  "seed_score": 134,
  "seed_score_formula": "(2.04×*184.0)/(1+13.2/4+18.1/100)+50",
  "overall_system_score": 200.0,
  "performance_tier": [
    "Entry Level",
    "Mainstream",
    "High Performance",
    "Enterprise",
    "Ultra Performance",
    "Elite Performance"
  ],
  "warnings": [
    "Decompression speed below 100 MB/s - system may be underpowered",
    "High memory usage detected - consider more RAM for larger datasets"
  ],
  "errors": [],
  "os_info": "Windows",
  "cpu_info": "16 cores, 2400 MHz",
  "ram_info": "63.6 GB",
  "storage_info": "SSD: 1, HDD: 0",
  "original_score_v1_1": 144,
  "conversion_date": "2025-07-23 00:51:38"
}
