{
  "mmh_version": "1.2.0",
  "timestamp_utc": "2025-07-22T20:28:09.524537100+00:00",
  "replay_seed": 12345,
  "run_mode": "SMOKETEST | MMH‑RS V1",
  "system_tier": "HighEnd",
  "test_set_desc": "~50 MiB deterministic",
  "total_files": 97,
  "total_size_bytes": 52428800,
  "seed_output_size_bytes": 22809426,
  "pack_speed": 222.234963693474,
  "unpack_speed": 60.504461736329596,
  "verify_speed": 262.3862383318571,
  "pack_time": 0.2249871,
  "unpack_time": 0.3595233,
  "verify_time": 0.0829036,
  "compression_ratio": 2.2985584994554444,
  "files_per_sec": 431.1358295653395,
  "peak_cpu_pct": 39.67603,
  "avg_cpu_pct": 37.204155,
  "peak_ram_mb": 15922248,
  "peak_threads": 244,
  "thermal_throttling": false,
  "memory_pressure": "LOW",
  "input_hash": "5ee32712fd0acb4459560c57c9863e8efe5bb6325583baa83fc3be334f373d41",
  "packed_hash": "327f7e4dd7c5ab1bc86c0e65e471d75eb0efb25992c04cc43891c1514a2a8fe7",
  "unpacked_hash": "5ee32712fd0acb4459560c57c9863e8efe5bb6325583baa83fc3be334f373d41",
  "seed_score": 130,
  "seed_score_formula": "(2.30×*181.7)/(1+15.2/4+39.7/100)+50",
  "overall_system_score": 200.0,
  "performance_tier": [
    "Entry Level",
    "Mainstream",
    "High Performance",
    "Enterprise",
    "Ultra Performance",
    "Elite Performance"
  ],
  "warnings": [
    "Decompression speed below 100 MB/s - system may be underpowered",
    "High memory usage detected - consider more RAM for larger datasets"
  ],
  "errors": [],
  "os_info": "Windows",
  "cpu_info": "16 cores, 2400 MHz",
  "ram_info": "63.6 GB",
  "storage_info": "SSD: 1, HDD: 0",
  "original_score_v1_1": 140,
  "conversion_date": "2025-07-23 00:51:38"
}
