{
  "mmh_version": "1.2.0",
  "timestamp_utc": "2025-07-22T23:07:52.770510800+00:00",
  "replay_seed": 12673385151709329911,
  "run_mode": "Mainstream | MMH‑RS V1",
  "system_tier": "HighEnd",
  "test_set_desc": "2 GiB deterministic",
  "total_files": 4056,
  "total_size_bytes": 2147483648,
  "seed_output_size_bytes": 1004808777,
  "pack_speed": 77.57013374106134,
  "unpack_speed": 54.213600468477125,
  "verify_speed": 130.71854010693872,
  "pack_time": 26.401914,
  "unpack_time": 17.6756444,
  "verify_time": 7.3307147,
  "compression_ratio": 2.1372062995026964,
  "files_per_sec": 153.6252258074926,
  "peak_cpu_pct": 38.095036,
  "avg_cpu_pct": 28.423822,
  "peak_ram_mb": 22613280,
  "peak_threads": 338,
  "thermal_throttling": false,
  "memory_pressure": "LOW",
  "input_hash": "5d240fe2ffe52cbacc96abd3992a6606bfa19a9d9d333e7295800043938a0b21",
  "packed_hash": "a97ffe2d05ac1178c532875f2d03cc7831a480d5adaf25b39bd00d05d17c5fc6",
  "unpacked_hash": "5d240fe2ffe52cbacc96abd3992a6606bfa19a9d9d333e7295800043938a0b21",
  "seed_score": 78,
  "seed_score_formula": "(2.14×*87.5)/(1+21.6/4+38.1/100)+50",
  "overall_system_score": 200.0,
  "performance_tier": [
    "Entry Level",
    "Mainstream",
    "High Performance",
    "Enterprise",
    "Ultra Performance",
    "Elite Performance"
  ],
  "warnings": [
    "Decompression speed below 100 MB/s - system may be underpowered",
    "High memory usage detected - consider more RAM for larger datasets"
  ],
  "errors": [],
  "os_info": "Windows",
  "cpu_info": "16 cores, 2400 MHz",
  "ram_info": "63.6 GB",
  "storage_info": "SSD: 1, HDD: 0",
  "original_score_v1_1": 88,
  "conversion_date": "2025-07-23 00:51:38"
}
