{
  "mmh_version": "1.2.0",
  "timestamp_utc": "2025-07-23T03:17:04.863931600+00:00",
  "replay_seed": 7592545645619061108,
  "run_mode": "SMOKETEST | MMH‑RS V1",
  "system_tier": "HighEnd",
  "test_set_desc": "~50 MiB deterministic",
  "total_files": 100,
  "total_size_bytes": 52428800,
  "seed_output_size_bytes": 22649402,
  "pack_speed": 183.57644361761615,
  "unpack_speed": 91.34060403350634,
  "verify_speed": 203.86849979670257,
  "pack_time": 0.2723661,
  "unpack_time": 0.2364792,
  "verify_time": 0.1059514,
  "total_time": 0.6147967,
  "compression_ratio": 2.3147984216095416,
  "files_per_sec": 367.1528872352323,
  "peak_cpu_pct": 17.478159,
  "avg_cpu_pct": 16.043802,
  "peak_ram_mb": 16132,
  "peak_threads": 256,
  "thermal_throttling": false,
  "memory_pressure": "LOW",
  "input_hash": "73f894855d88019ac9a86be4b893ef6cc1d0b86a34626c1906abc01304e5af33",
  "packed_hash": "ae1e2ac2df2035930e9a10969f9c42059b8431448d6d048fe0809faa95e163b1",
  "unpacked_hash": "73f894855d88019ac9a86be4b893ef6cc1d0b86a34626c1906abc01304e5af33",
  "seed_score": 364,
  "seed_score_formula": "(2.31×*159.6)/(1+0.0/4+17.5/100)+50",
  "overall_system_score": 932.0,
  "performance_tier": "Elite Performance",
  "warnings": [
    "⚠️  This is a CPU-only benchmark designed to stress test your processor",
    "   GPU acceleration will be available in V2, V3 will use both CPU+GPU",
    "Decompression speed below 100 MB/s - system may be underpowered"
  ],
  "errors": [],
  "os_info": "Windows",
  "cpu_info": "16 cores, 2400 MHz",
  "ram_info": "63.6 GB",
  "storage_info": "SSD: 1, HDD: 0",
  "original_score_v1_1": 777,
  "conversion_date": "2025-07-23 00:51:39"
}
