{
  "mmh_version": "1.2.0",
  "timestamp_utc": "2025-07-22T20:25:37.629244300+00:00",
  "replay_seed": 10094635427117077098,
  "run_mode": "Mainstream | MMH‑RS V1",
  "system_tier": "HighEnd",
  "test_set_desc": "1 GiB deterministic",
  "total_files": 2056,
  "total_size_bytes": 1073741824,
  "seed_output_size_bytes": 512491947,
  "pack_speed": 250.66087940306093,
  "unpack_speed": 97.3005877565629,
  "verify_speed": 299.9455079823384,
  "pack_time": 4.0852007,
  "unpack_time": 5.0230982,
  "verify_time": 1.629464,
  "compression_ratio": 2.0951389193243264,
  "files_per_sec": 503.2800469264583,
  "peak_cpu_pct": 27.838646,
  "avg_cpu_pct": 24.85521,
  "peak_ram_mb": 17550268,
  "peak_threads": 247,
  "thermal_throttling": false,
  "memory_pressure": "LOW",
  "input_hash": "2fb156572db9c5372560ff7b17fa08d32e1b13afdcd923f77af1f6a3106d1a47",
  "packed_hash": "e7864bbca50c26baa4ee336cb806d9c3c9f8dce778253d59993cec8bc99060f2",
  "unpacked_hash": "2fb156572db9c5372560ff7b17fa08d32e1b13afdcd923f77af1f6a3106d1a47",
  "seed_score": 133,
  "seed_score_formula": "(2.10×*216.0)/(1+16.7/4+27.8/100)+50",
  "overall_system_score": 200.0,
  "performance_tier": [
    "Entry Level",
    "Mainstream",
    "High Performance",
    "Enterprise",
    "Ultra Performance",
    "Elite Performance"
  ],
  "warnings": [
    "Decompression speed below 100 MB/s - system may be underpowered",
    "High memory usage detected - consider more RAM for larger datasets"
  ],
  "errors": [],
  "os_info": "Windows",
  "cpu_info": "16 cores, 2400 MHz",
  "ram_info": "63.6 GB",
  "storage_info": "SSD: 1, HDD: 0",
  "original_score_v1_1": 143,
  "conversion_date": "2025-07-23 00:51:38"
}
