{
  "mmh_version": "1.2.0",
  "timestamp_utc": "2025-07-23T04:06:39.036103200+00:00",
  "replay_seed": 4968861235715507849,
  "run_mode": "SMOKETEST | MMH‑RS V1",
  "system_tier": "HighEnd",
  "test_set_desc": "~50 MiB deterministic",
  "total_files": 97,
  "total_size_bytes": 52428800,
  "seed_output_size_bytes": 20180796,
  "pack_speed": 211.37823683494065,
  "unpack_speed": 81.52796338736215,
  "verify_speed": 198.9734593577113,
  "pack_time": 0.2365428,
  "unpack_time": 0.2360651,
  "verify_time": 0.096726,
  "total_time": 0.5693339,
  "compression_ratio": 2.5979550063337444,
  "files_per_sec": 410.0737794597849,
  "peak_cpu_pct": 33.77933,
  "avg_cpu_pct": 26.833427,
  "peak_ram_mb": 17815,
  "peak_threads": 276,
  "thermal_throttling": false,
  "memory_pressure": "LOW",
  "input_hash": "1d0f3dea0c97d812ff991870d5664b7bb8e76ff5a1d4c8fd41775cf9ee190f05",
  "packed_hash": "1e3a7cd67f1e5636b16551f7701d5857e89aa54905e7276fe9c14334c6352c80",
  "unpacked_hash": "1d0f3dea0c97d812ff991870d5664b7bb8e76ff5a1d4c8fd41775cf9ee190f05",
  "seed_score": 368,
  "seed_score_formula": "(2.60×*164.0)/(1+0.0/4+33.8/100)+50",
  "overall_system_score": 950.0,
  "performance_tier": "Elite Performance",
  "warnings": [
    "⚠️  This is a CPU-only benchmark designed to stress test your processor",
    "   GPU acceleration will be available in V2, V3 will use both CPU+GPU",
    "Decompression speed below 100 MB/s - system may be underpowered"
  ],
  "errors": [],
  "os_info": "Windows",
  "cpu_info": "16 cores, 2400 MHz",
  "ram_info": "63.6 GB",
  "storage_info": "SSD: 1, HDD: 0",
  "original_score_v1_1": 815,
  "conversion_date": "2025-07-23 00:51:39"
}
