{
  "mmh_version": "1.2.0",
  "timestamp_utc": "2025-07-22T22:18:43.333883600+00:00",
  "replay_seed": 16824783436677756231,
  "run_mode": "SMOKETEST | MMH‑RS V1",
  "system_tier": "HighEnd",
  "test_set_desc": "~50 MiB deterministic",
  "total_files": 106,
  "total_size_bytes": 52428800,
  "seed_output_size_bytes": 23345627,
  "pack_speed": 90.27478742544432,
  "unpack_speed": 50.62106144090118,
  "verify_speed": 149.56227799255748,
  "pack_time": 0.5538645,
  "unpack_time": 0.4398194,
  "verify_time": 0.1488619,
  "compression_ratio": 2.245765341834683,
  "files_per_sec": 191.38254934194194,
  "peak_cpu_pct": 37.104595,
  "avg_cpu_pct": 31.028946,
  "peak_ram_mb": 19761060,
  "peak_threads": 326,
  "thermal_throttling": false,
  "memory_pressure": "LOW",
  "input_hash": "b458d6bbccefc849c2a7c93dc16d92d15365c0f30c1e3222615cda0db794444d",
  "packed_hash": "aa9c00b62a7bebbb08758fdd40bc3b9fa873e3833fb1c6443b2a5066ec2bc09c",
  "unpacked_hash": "b458d6bbccefc849c2a7c93dc16d92d15365c0f30c1e3222615cda0db794444d",
  "seed_score": 86,
  "seed_score_formula": "(2.25×*96.8)/(1+18.8/4+37.1/100)+50",
  "overall_system_score": 200.0,
  "performance_tier": [
    "Entry Level",
    "Mainstream",
    "High Performance",
    "Enterprise",
    "Ultra Performance",
    "Elite Performance"
  ],
  "warnings": [
    "Decompression speed below 100 MB/s - system may be underpowered",
    "High memory usage detected - consider more RAM for larger datasets"
  ],
  "errors": [],
  "os_info": "Windows",
  "cpu_info": "16 cores, 2400 MHz",
  "ram_info": "63.6 GB",
  "storage_info": "SSD: 1, HDD: 0",
  "original_score_v1_1": 96,
  "conversion_date": "2025-07-23 00:51:38"
}
