{
  "mmh_version": "0.1.0",
  "timestamp_utc": "2025-07-22T16:19:43.071902500+00:00",
  "replay_seed": 2238794175057569161,
  "run_mode": "Mainstream | MMH‑RS V1",
  "test_set_desc": "1 GiB deterministic",
  "total_files": 2030,
  "total_size_bytes": 1073741824,
  "pack_speed": 242.4012533281053,
  "unpack_speed": 91.8462355710967,
  "verify_speed": 296.21062640101945,
  "pack_time": 4.2244006,
  "unpack_time": 5.3016635,
  "verify_time": 1.6438905,
  "compression_ratio": 2.102937843282246,
  "peak_cpu_pct": 32.14727,
  "avg_cpu_pct": 29.574715,
  "peak_ram_mb": 15862320,
  "peak_threads": 296,
  "input_hash": "68e44d0165a8e2bc340a8e3e46deb416606b6dd87ba6fea08fa5590d50ab02c1",
  "packed_hash": "53e91300eb7a9bb7caf6ff1ee7533633d334ee82e8b2a48365bab6aabcd00cbb",
  "unpacked_hash": "68e44d0165a8e2bc340a8e3e46deb416606b6dd87ba6fea08fa5590d50ab02c1",
  "seed_score": 137,
  "seed_score_formula": "(2.10×*210.2)/(1+15.1/4+32.1/100)+50"
}