{
  "mmh_version": "1.2.0",
  "timestamp_utc": "2025-07-22T20:25:44.991726300+00:00",
  "replay_seed": 12345,
  "run_mode": "SMOKETEST | MMH‑RS V1",
  "system_tier": "HighEnd",
  "test_set_desc": "~50 MiB deterministic",
  "total_files": 97,
  "total_size_bytes": 52428800,
  "seed_output_size_bytes": 22809454,
  "pack_speed": 255.13900993817472,
  "unpack_speed": 97.98368882683212,
  "verify_speed": 266.99713338385953,
  "pack_time": 0.1959716,
  "unpack_time": 0.2220042,
  "verify_time": 0.081472,
  "compression_ratio": 2.2985556778342873,
  "files_per_sec": 494.969679280059,
  "peak_cpu_pct": 20.077408,
  "avg_cpu_pct": 17.788242,
  "peak_ram_mb": 15857436,
  "peak_threads": 246,
  "thermal_throttling": false,
  "memory_pressure": "LOW",
  "input_hash": "5ee32712fd0acb4459560c57c9863e8efe5bb6325583baa83fc3be334f373d41",
  "packed_hash": "260076182bc7c1b9c025f78128c422512937081eb4a4e5547d293070b682fa27",
  "unpacked_hash": "5ee32712fd0acb4459560c57c9863e8efe5bb6325583baa83fc3be334f373d41",
  "seed_score": 145,
  "seed_score_formula": "(2.30×*206.7)/(1+15.1/4+20.1/100)+50",
  "overall_system_score": 200.0,
  "performance_tier": [
    "Entry Level",
    "Mainstream",
    "High Performance",
    "Enterprise",
    "Ultra Performance",
    "Elite Performance"
  ],
  "warnings": [
    "Decompression speed below 100 MB/s - system may be underpowered",
    "High memory usage detected - consider more RAM for larger datasets"
  ],
  "errors": [],
  "os_info": "Windows",
  "cpu_info": "16 cores, 2400 MHz",
  "ram_info": "63.6 GB",
  "storage_info": "SSD: 1, HDD: 0",
  "original_score_v1_1": 155,
  "conversion_date": "2025-07-23 00:51:38"
}
