{
  "mmh_version": "1.2.0",
  "timestamp_utc": "2025-07-23T04:01:54.287814700+00:00",
  "replay_seed": 5540868540374509514,
  "run_mode": "SMOKETEST | MMH‑RS V1",
  "system_tier": "HighEnd",
  "test_set_desc": "~50 MiB deterministic",
  "total_files": 99,
  "total_size_bytes": 52428800,
  "seed_output_size_bytes": 24496870,
  "pack_speed": 204.37568338119132,
  "unpack_speed": 81.54145914152554,
  "verify_speed": 230.2508663354744,
  "pack_time": 0.2446475,
  "unpack_time": 0.286505,
  "verify_time": 0.1014634,
  "total_time": 0.6326159,
  "compression_ratio": 2.1402244450005248,
  "files_per_sec": 404.6638530947588,
  "peak_cpu_pct": 25.597826,
  "avg_cpu_pct": 22.989944,
  "peak_ram_mb": 17848,
  "peak_threads": 271,
  "thermal_throttling": false,
  "memory_pressure": "LOW",
  "input_hash": "a1cf3e39d7f1da02b65be1b2c8ba14970df2b7c1cceeada80cf133fb04b69045",
  "packed_hash": "cda92a1ca2c04f7eb6fb083b9c978abab6eda5c38e8270446e448acc20529557",
  "unpacked_hash": "a1cf3e39d7f1da02b65be1b2c8ba14970df2b7c1cceeada80cf133fb04b69045",
  "seed_score": 343,
  "seed_score_formula": "(2.14×*172.1)/(1+0.0/4+25.6/100)+50",
  "overall_system_score": 905.0,
  "performance_tier": "Elite Performance",
  "warnings": [
    "⚠️  This is a CPU-only benchmark designed to stress test your processor",
    "   GPU acceleration will be available in V2, V3 will use both CPU+GPU",
    "Decompression speed below 100 MB/s - system may be underpowered"
  ],
  "errors": [],
  "os_info": "Windows",
  "cpu_info": "16 cores, 2400 MHz",
  "ram_info": "63.6 GB",
  "storage_info": "SSD: 1, HDD: 0",
  "original_score_v1_1": 754,
  "conversion_date": "2025-07-23 00:51:39"
}
