{
  "mmh_version": "1.2.0",
  "timestamp_utc": "2025-07-22T23:27:49.265241-04:00",
  "replay_seed": 8676109290112055279,
  "run_mode": "Mainstream | MMH‑RS V1",
  "system_tier": "HighEnd",
  "test_set_desc": "2 GiB deterministic",
  "total_files": 4105,
  "total_size_bytes": 2147483648,
  "seed_output_size_bytes": 998846149,
  "pack_speed": 171.4496113192105,
  "unpack_speed": 80.69146075056331,
  "verify_speed": 234.0935097069363,
  "pack_time": 11.9452006,
  "unpack_time": 11.8051391,
  "verify_time": 4.0692026,
  "total_time": 27.8195423,
  "compression_ratio": 2.1499643865573934,
  "files_per_sec": 343.6526633131636,
  "peak_cpu_pct": 43.73407,
  "avg_cpu_pct": 34.237297,
  "peak_ram_mb": 19447,
  "peak_threads": 260,
  "thermal_throttling": false,
  "memory_pressure": "LOW",
  "input_hash": "1d417afccb47aab23dfa9b4b39bd66b742fed5e3785671c03db5982888c15eb4",
  "packed_hash": "010296c834b2aaebe07a721bcf2a5c5b0759c1abbb435d08b03a22ef76fd0fe5",
  "unpacked_hash": "1d417afccb47aab23dfa9b4b39bd66b742fed5e3785671c03db5982888c15eb4",
  "seed_score": 292,
  "seed_score_formula": "(2.15×*162.1)/(1+0.0/4+43.7/100)+50",
  "overall_system_score": 941.0,
  "performance_tier": "Elite Performance",
  "warnings": [
    "⚠️  This is a CPU-only benchmark designed to stress test your processor",
    "   GPU acceleration will be available in V2, V3 will use both CPU+GPU",
    "Decompression speed below 100 MB/s - system may be underpowered"
  ],
  "errors": [],
  "os_info": "Windows",
  "cpu_info": "16 cores, 2400 MHz",
  "ram_info": "63.6 GB",
  "storage_info": "SSD: 1, HDD: 0",
  "original_score_v1_1": 784,
  "conversion_date": "2025-07-23 00:51:39"
}
