{
  "mmh_version": "1.2.0",
  "timestamp_utc": "2025-07-22T23:22:02.687988200+00:00",
  "replay_seed": 7750507099315624413,
  "run_mode": "SMOKETEST | MMH‑RS V1",
  "system_tier": "HighEnd",
  "test_set_desc": "~50 MiB deterministic",
  "total_files": 108,
  "total_size_bytes": 52428800,
  "seed_output_size_bytes": 23186337,
  "pack_speed": 98.96952926133102,
  "unpack_speed": 45.94452694329929,
  "verify_speed": 135.13512213158398,
  "pack_time": 0.505206,
  "unpack_time": 0.4812807,
  "verify_time": 0.1636304,
  "compression_ratio": 2.2611937366389525,
  "files_per_sec": 213.77418320447498,
  "peak_cpu_pct": 45.39726,
  "avg_cpu_pct": 33.624493,
  "peak_ram_mb": 19791840,
  "peak_threads": 327,
  "thermal_throttling": false,
  "memory_pressure": "LOW",
  "input_hash": "72718c0c133d4377ba5102d13912161dd06be6ad21b007fa013f11778bec767d",
  "packed_hash": "69b667a3365c742fa7a6b736665119043107830baa2d7effdd1340671b75f3f4",
  "unpacked_hash": "72718c0c133d4377ba5102d13912161dd06be6ad21b007fa013f11778bec767d",
  "seed_score": 84,
  "seed_score_formula": "(2.26×*93.3)/(1+18.9/4+45.4/100)+50",
  "overall_system_score": 200.0,
  "performance_tier": [
    "Entry Level",
    "Mainstream",
    "High Performance",
    "Enterprise",
    "Ultra Performance",
    "Elite Performance"
  ],
  "warnings": [
    "Decompression speed below 100 MB/s - system may be underpowered",
    "High memory usage detected - consider more RAM for larger datasets"
  ],
  "errors": [],
  "os_info": "Windows",
  "cpu_info": "16 cores, 2400 MHz",
  "ram_info": "63.6 GB",
  "storage_info": "SSD: 1, HDD: 0",
  "original_score_v1_1": 94,
  "conversion_date": "2025-07-23 00:51:38"
}
