{
  "mmh_version": "1.2.0",
  "timestamp_utc": "2025-07-22T17:05:43.843492-04:00",
  "replay_seed": 1515554324547785102,
  "run_mode": "Mainstream | MMH‑RS V1",
  "system_tier": "HighEnd",
  "test_set_desc": "1 GiB deterministic",
  "total_files": 2028,
  "total_size_bytes": 1073741824,
  "seed_output_size_bytes": 506118286,
  "pack_speed": 190.04271209954436,
  "unpack_speed": 89.42073244064633,
  "verify_speed": 286.5087342873333,
  "pack_time": 5.3882624,
  "unpack_time": 5.3977640000000005,
  "verify_time": 1.6846676999999999,
  "compression_ratio": 2.121523473269646,
  "files_per_sec": 376.3736524783945,
  "peak_cpu_pct": 28.277758,
  "avg_cpu_pct": 27.44587,
  "peak_ram_mb": 20146548,
  "peak_threads": 296,
  "thermal_throttling": false,
  "memory_pressure": "LOW",
  "input_hash": "33936e9e73a0bce97a1f669cea9149692e35791a77f7417cff79ab14a73d76f2",
  "packed_hash": "7f05f7036215cf7ebaa7fd91b0e05990129257160b64db4c51b6671ca4b26ed6",
  "unpacked_hash": "33936e9e73a0bce97a1f669cea9149692e35791a77f7417cff79ab14a73d76f2",
  "seed_score": 116,
  "seed_score_formula": "(2.12×*188.7)/(1+19.2/4+28.3/100)+50",
  "overall_system_score": 200.0,
  "performance_tier": [
    "Entry Level",
    "Mainstream",
    "High Performance",
    "Enterprise",
    "Ultra Performance",
    "Elite Performance"
  ],
  "warnings": [
    "Decompression speed below 100 MB/s - system may be underpowered",
    "High memory usage detected - consider more RAM for larger datasets"
  ],
  "errors": [],
  "os_info": "Windows",
  "cpu_info": "16 cores, 2400 MHz",
  "ram_info": "63.6 GB",
  "storage_info": "SSD: 1, HDD: 0",
  "original_score_v1_1": 126,
  "conversion_date": "2025-07-23 00:51:38"
}
