{
  "mmh_version": "1.2.0",
  "timestamp_utc": "2025-07-22T20:28:05.885700500+00:00",
  "replay_seed": 6699382027040083636,
  "run_mode": "SMOKETEST | MMH‑RS V1",
  "system_tier": "HighEnd",
  "test_set_desc": "~50 MiB deterministic",
  "total_files": 97,
  "total_size_bytes": 52428800,
  "seed_output_size_bytes": 27447526,
  "pack_speed": 233.13740465845837,
  "unpack_speed": 80.73575325226274,
  "verify_speed": 338.53325446501213,
  "pack_time": 0.2144658,
  "unpack_time": 0.3242182,
  "verify_time": 0.0773218,
  "compression_ratio": 1.9101466558406757,
  "files_per_sec": 452.2865650374092,
  "peak_cpu_pct": 39.958435,
  "avg_cpu_pct": 31.214375,
  "peak_ram_mb": 15828000,
  "peak_threads": 241,
  "thermal_throttling": false,
  "memory_pressure": "LOW",
  "input_hash": "889d87f1df632e16f4343c6a1e5bdf63cca0058fe8ae98d3f799e0f0ef9c1527",
  "packed_hash": "d642003bc8a332cfc2dd54f0f8b579afbaa5f08f777a46df15384054aef8a8ef",
  "unpacked_hash": "889d87f1df632e16f4343c6a1e5bdf63cca0058fe8ae98d3f799e0f0ef9c1527",
  "seed_score": 130,
  "seed_score_formula": "(1.91×*217.5)/(1+15.1/4+40.0/100)+50",
  "overall_system_score": 200.0,
  "performance_tier": [
    "Entry Level",
    "Mainstream",
    "High Performance",
    "Enterprise",
    "Ultra Performance",
    "Elite Performance"
  ],
  "warnings": [
    "Decompression speed below 100 MB/s - system may be underpowered",
    "High memory usage detected - consider more RAM for larger datasets"
  ],
  "errors": [],
  "os_info": "Windows",
  "cpu_info": "16 cores, 2400 MHz",
  "ram_info": "63.6 GB",
  "storage_info": "SSD: 1, HDD: 0",
  "original_score_v1_1": 120,
  "conversion_date": "2025-07-23 00:51:38"
}
