{
  "mmh_version": "1.2.0",
  "timestamp_utc": "2025-07-22T20:43:07.621852900+00:00",
  "replay_seed": 1490388082436190770,
  "run_mode": "SMOKETEST | MMH‑RS V1",
  "system_tier": "HighEnd",
  "test_set_desc": "~50 MiB deterministic",
  "total_files": 97,
  "total_size_bytes": 52428800,
  "seed_output_size_bytes": 24696198,
  "pack_speed": 249.18677894690677,
  "unpack_speed": 79.8923797549761,
  "verify_speed": 277.6709083259951,
  "pack_time": 0.2006527,
  "unpack_time": 0.2947982,
  "verify_time": 0.0848203,
  "compression_ratio": 2.1229502614127083,
  "files_per_sec": 483.4223511569992,
  "peak_cpu_pct": 33.44357,
  "avg_cpu_pct": 33.29815,
  "peak_ram_mb": 16700156,
  "peak_threads": 252,
  "thermal_throttling": false,
  "memory_pressure": "LOW",
  "input_hash": "c966110526c8d10d4113578225195f70b5eed40a5af2535f0e2bc7a228dc0ece",
  "packed_hash": "d8a57678a805b4480d2b2394dcb1ffea2f6f8d493c3352b6548c1ea0499b4024",
  "unpacked_hash": "c966110526c8d10d4113578225195f70b5eed40a5af2535f0e2bc7a228dc0ece",
  "seed_score": 131,
  "seed_score_formula": "(2.12×*202.3)/(1+15.9/4+33.4/100)+50",
  "overall_system_score": 200.0,
  "performance_tier": [
    "Entry Level",
    "Mainstream",
    "High Performance",
    "Enterprise",
    "Ultra Performance",
    "Elite Performance"
  ],
  "warnings": [
    "Decompression speed below 100 MB/s - system may be underpowered",
    "High memory usage detected - consider more RAM for larger datasets"
  ],
  "errors": [],
  "os_info": "Windows",
  "cpu_info": "16 cores, 2400 MHz",
  "ram_info": "63.6 GB",
  "storage_info": "SSD: 1, HDD: 0",
  "original_score_v1_1": 141,
  "conversion_date": "2025-07-23 00:51:38"
}
