{
  "mmh_version": "1.2.0",
  "timestamp_utc": "2025-07-23T04:24:46.340882300+00:00",
  "replay_seed": 17209316790404758138,
  "run_mode": "SMOKETEST | MMH‑RS V1",
  "system_tier": "HighEnd",
  "test_set_desc": "~50 MiB deterministic",
  "total_files": 94,
  "total_size_bytes": 52428800,
  "seed_output_size_bytes": 26262530,
  "pack_speed": 97.01756367165686,
  "unpack_speed": 62.30015067624422,
  "verify_speed": 159.4481005053431,
  "pack_time": 0.5153706,
  "unpack_time": 0.4020199,
  "verify_time": 0.1570787,
  "total_time": 1.0744692,
  "compression_ratio": 1.9963347019498883,
  "files_per_sec": 182.3930197027149,
  "peak_cpu_pct": 36.557285,
  "avg_cpu_pct": 24.040117,
  "peak_ram_mb": 18194,
  "peak_threads": 274,
  "thermal_throttling": false,
  "memory_pressure": "LOW",
  "input_hash": "97098fc21cc0d3ee9ee8fb3e4385dbd1e516375d464c9f4952ef4d518c044a57",
  "packed_hash": "922916d617716129b03f1a75c7e7982f4881edcef46584fd03d5c1e5768b70e2",
  "unpacked_hash": "97098fc21cc0d3ee9ee8fb3e4385dbd1e516375d464c9f4952ef4d518c044a57",
  "seed_score": 205,
  "seed_score_formula": "(2.00×*106.3)/(1+0.0/4+36.6/100)+50",
  "overall_system_score": 870.0,
  "performance_tier": "Elite Performance",
  "warnings": [
    "⚠️  This is a CPU-only benchmark designed to stress test your processor",
    "   GPU acceleration will be available in V2, V3 will use both CPU+GPU",
    "Decompression speed below 100 MB/s - system may be underpowered"
  ],
  "errors": [],
  "os_info": "Windows",
  "cpu_info": "16 cores, 2400 MHz",
  "ram_info": "63.6 GB",
  "storage_info": "SSD: 1, HDD: 0",
  "original_score_v1_1": 725,
  "conversion_date": "2025-07-23 00:51:39"
}
