{
  "mmh_version": "1.2.0",
  "timestamp_utc": "2025-07-22T22:15:27.461168100+00:00",
  "replay_seed": 12935145397609518120,
  "run_mode": "Mainstream | MMH‑RS V1",
  "system_tier": "HighEnd",
  "test_set_desc": "2 GiB deterministic",
  "total_files": 4136,
  "total_size_bytes": 2147483648,
  "seed_output_size_bytes": 1000803693,
  "pack_speed": 77.27810514689915,
  "unpack_speed": 53.82712059578716,
  "verify_speed": 131.37890026884799,
  "pack_time": 26.501685,
  "unpack_time": 17.7315964,
  "verify_time": 7.264795,
  "compression_ratio": 2.145759116418448,
  "files_per_sec": 156.06554828494868,
  "peak_cpu_pct": 20.951859,
  "avg_cpu_pct": 18.439426,
  "peak_ram_mb": 21895468,
  "peak_threads": 329,
  "thermal_throttling": false,
  "memory_pressure": "LOW",
  "input_hash": "aa9aafaffdd884bc5fceaffb7362ef9a8c72f06c71c3fb2cc731898210ff20e8",
  "packed_hash": "e4de459df055df5bd2afc89e87bf029fb36abb7a70c84035ef9640355ae437fa",
  "unpacked_hash": "aa9aafaffdd884bc5fceaffb7362ef9a8c72f06c71c3fb2cc731898210ff20e8",
  "seed_score": 79,
  "seed_score_formula": "(2.15×*87.5)/(1+20.9/4+21.0/100)+50",
  "overall_system_score": 200.0,
  "performance_tier": [
    "Entry Level",
    "Mainstream",
    "High Performance",
    "Enterprise",
    "Ultra Performance",
    "Elite Performance"
  ],
  "warnings": [
    "Decompression speed below 100 MB/s - system may be underpowered",
    "High memory usage detected - consider more RAM for larger datasets"
  ],
  "errors": [],
  "os_info": "Windows",
  "cpu_info": "16 cores, 2400 MHz",
  "ram_info": "63.6 GB",
  "storage_info": "SSD: 1, HDD: 0",
  "original_score_v1_1": 89,
  "conversion_date": "2025-07-23 00:51:38"
}
