{
  "mmh_version": "1.2.0",
  "timestamp_utc": "2025-07-23T04:19:53.578570100+00:00",
  "replay_seed": 3000826008999140611,
  "run_mode": "Mainstream | MMH‑RS V1",
  "system_tier": "HighEnd",
  "test_set_desc": "2 GiB deterministic",
  "total_files": 4111,
  "total_size_bytes": 2147483648,
  "seed_output_size_bytes": 1004957056,
  "pack_speed": 165.3547941033673,
  "unpack_speed": 74.2802308559705,
  "verify_speed": 238.2592837543205,
  "pack_time": 12.3854891,
  "unpack_time": 12.9025142,
  "verify_time": 4.0225158,
  "total_time": 29.3105191,
  "compression_ratio": 2.136890959846149,
  "files_per_sec": 331.9206828901089,
  "peak_cpu_pct": 35.56799,
  "avg_cpu_pct": 31.271107,
  "peak_ram_mb": 20016,
  "peak_threads": 269,
  "thermal_throttling": false,
  "memory_pressure": "LOW",
  "input_hash": "96a14aa1c2277d2277421de3a6fd4309d706462d592aef7952eaceed9ac11a34",
  "packed_hash": "828bb05b200e9f68c1d58be0ccee9af8af69cf59930244836eecc432b28bd2a6",
  "unpacked_hash": "96a14aa1c2277d2277421de3a6fd4309d706462d592aef7952eaceed9ac11a34",
  "seed_score": 301,
  "seed_score_formula": "(2.14×*159.3)/(1+0.0/4+35.6/100)+50",
  "overall_system_score": 941.0,
  "performance_tier": "Elite Performance",
  "warnings": [
    "⚠️  This is a CPU-only benchmark designed to stress test your processor",
    "   GPU acceleration will be available in V2, V3 will use both CPU+GPU",
    "Decompression speed below 100 MB/s - system may be underpowered"
  ],
  "errors": [],
  "os_info": "Windows",
  "cpu_info": "16 cores, 2400 MHz",
  "ram_info": "63.6 GB",
  "storage_info": "SSD: 1, HDD: 0",
  "original_score_v1_1": 784,
  "conversion_date": "2025-07-23 00:51:39"
}
