{
  "mmh_version": "1.2.0",
  "timestamp_utc": "2025-07-22T20:49:52.572440900+00:00",
  "replay_seed": 2208704199756622783,
  "run_mode": "Mainstream | MMH‑RS V1",
  "system_tier": "HighEnd",
  "test_set_desc": "8 GiB deterministic",
  "total_files": 16528,
  "total_size_bytes": 8589934592,
  "seed_output_size_bytes": 3962261250,
  "pack_speed": 199.68855021442096,
  "unpack_speed": 96.28083252994067,
  "verify_speed": 300.5493678963285,
  "pack_time": 41.0238844,
  "unpack_time": 39.2467191,
  "verify_time": 12.5726659,
  "compression_ratio": 2.167937460458974,
  "files_per_sec": 402.88725072557975,
  "peak_cpu_pct": 29.023678,
  "avg_cpu_pct": 24.536552,
  "peak_ram_mb": 22377656,
  "peak_threads": 258,
  "thermal_throttling": false,
  "memory_pressure": "LOW",
  "input_hash": "0c5766cf4744781c943f9c5b894931f0ea63d2c78fa08932736293fdaca50812",
  "packed_hash": "6029cc6476cada04482be2c5a4988504c8bb5b7ef56bb5ff1b1d9e029d96e969",
  "unpacked_hash": "0c5766cf4744781c943f9c5b894931f0ea63d2c78fa08932736293fdaca50812",
  "seed_score": 115,
  "seed_score_formula": "(2.17×*198.8)/(1+21.3/4+29.0/100)+50",
  "overall_system_score": 667.0,
  "performance_tier": [
    "Enterprise",
    "Ultra Performance",
    "Elite Performance"
  ],
  "warnings": [
    "Decompression speed below 100 MB/s - system may be underpowered",
    "High memory usage detected - consider more RAM for larger datasets"
  ],
  "errors": [],
  "os_info": "Windows",
  "cpu_info": "16 cores, 2400 MHz",
  "ram_info": "63.6 GB",
  "storage_info": "SSD: 1, HDD: 0",
  "conversion_notes": "Converted to V1.2.0 1000-point scoring system",
  "original_score_v1_1": 556.0,
  "conversion_date": "2025-07-23 00:51:38"
}
