{
  "mmh_version": "1.2.0",
  "timestamp_utc": "2025-07-23T02:40:51.071014700+00:00",
  "replay_seed": 12084838875511808447,
  "run_mode": "SMOKETEST | MMH‑RS V1",
  "system_tier": "HighEnd",
  "test_set_desc": "~50 MiB deterministic",
  "total_files": 99,
  "total_size_bytes": 52428800,
  "seed_output_size_bytes": 26348401,
  "pack_speed": 208.56840730907126,
  "unpack_speed": 89.77411703197338,
  "verify_speed": 233.0877640168524,
  "pack_time": 0.2397295,
  "unpack_time": 0.2799002,
  "verify_time": 0.107804,
  "total_time": 0.6274337,
  "compression_ratio": 1.9898285288735358,
  "files_per_sec": 412.96544647196106,
  "peak_cpu_pct": 30.427977,
  "avg_cpu_pct": 24.277992,
  "peak_ram_mb": 14625,
  "peak_threads": 251,
  "thermal_throttling": false,
  "memory_pressure": "LOW",
  "input_hash": "18725071415f25b38393a290322997b9b84a53835b48af92cb38ae213cfc1e16",
  "packed_hash": "1d58adcc0de531302ed2e7c192aded61ee1550fb637a906ebd2d6d01a42a63b7",
  "unpacked_hash": "18725071415f25b38393a290322997b9b84a53835b48af92cb38ae213cfc1e16",
  "seed_score": 320,
  "seed_score_formula": "(1.99×*177.1)/(1+0.0/4+30.4/100)+50",
  "overall_system_score": 881.0,
  "performance_tier": "Elite Performance",
  "warnings": [
    "⚠️  This is a CPU-only benchmark designed to stress test your processor",
    "   GPU acceleration will be available in V2, V3 will use both CPU+GPU",
    "Decompression speed below 100 MB/s - system may be underpowered"
  ],
  "errors": [],
  "os_info": "Windows",
  "cpu_info": "16 cores, 2400 MHz",
  "ram_info": "63.6 GB",
  "storage_info": "SSD: 1, HDD: 0",
  "original_score_v1_1": 734,
  "conversion_date": "2025-07-23 00:51:39"
}
