{
  "mmh_version": "1.2.0",
  "timestamp_utc": "2025-07-23T04:02:14.534538400+00:00",
  "replay_seed": 8371421168180988257,
  "run_mode": "SMOKETEST | MMH‑RS V1",
  "system_tier": "HighEnd",
  "test_set_desc": "~50 MiB deterministic",
  "total_files": 93,
  "total_size_bytes": 52428800,
  "seed_output_size_bytes": 25669812,
  "pack_speed": 207.12458875412904,
  "unpack_speed": 81.23179893325315,
  "verify_speed": 248.55586940372473,
  "pack_time": 0.2414006,
  "unpack_time": 0.3013677,
  "verify_time": 0.0984915,
  "total_time": 0.6412597999999999,
  "compression_ratio": 2.0424302289397365,
  "files_per_sec": 385.25173508268,
  "peak_cpu_pct": 14.173777,
  "avg_cpu_pct": 11.490554,
  "peak_ram_mb": 17606,
  "peak_threads": 269,
  "thermal_throttling": false,
  "memory_pressure": "LOW",
  "input_hash": "433a3bfcc6dcb3f9251e72cb86c34d0942c138a6a018c94b50984447a5ec0cd6",
  "packed_hash": "46c47ca086bb52e309cf2245b47f8441cda7658087f1ea6a83e94134682a08df",
  "unpacked_hash": "433a3bfcc6dcb3f9251e72cb86c34d0942c138a6a018c94b50984447a5ec0cd6",
  "seed_score": 370,
  "seed_score_formula": "(2.04×*179.0)/(1+0.0/4+14.2/100)+50",
  "overall_system_score": 889.0,
  "performance_tier": "Elite Performance",
  "warnings": [
    "⚠️  This is a CPU-only benchmark designed to stress test your processor",
    "   GPU acceleration will be available in V2, V3 will use both CPU+GPU",
    "Decompression speed below 100 MB/s - system may be underpowered"
  ],
  "errors": [],
  "os_info": "Windows",
  "cpu_info": "16 cores, 2400 MHz",
  "ram_info": "63.6 GB",
  "storage_info": "SSD: 1, HDD: 0",
  "original_score_v1_1": 741,
  "conversion_date": "2025-07-23 00:51:39"
}
