{
  "mmh_version": "1.2.0",
  "timestamp_utc": "2025-07-23T03:49:22.915546900+00:00",
  "replay_seed": 13323503894233783041,
  "run_mode": "SMOKETEST | MMH‑RS V1",
  "system_tier": "HighEnd",
  "test_set_desc": "~50 MiB deterministic",
  "total_files": 109,
  "total_size_bytes": 52428800,
  "seed_output_size_bytes": 21661897,
  "pack_speed": 178.65290705796892,
  "unpack_speed": 77.90499533339818,
  "verify_speed": 219.1560543491705,
  "pack_time": 0.2798723,
  "unpack_time": 0.2651742,
  "verify_time": 0.0942634,
  "total_time": 0.6393099,
  "compression_ratio": 2.4203235755391135,
  "files_per_sec": 389.46333738637225,
  "peak_cpu_pct": 16.652878,
  "avg_cpu_pct": 15.357295,
  "peak_ram_mb": 17478,
  "peak_threads": 260,
  "thermal_throttling": false,
  "memory_pressure": "LOW",
  "input_hash": "a07a7b20cde5a541cab3630e16a1d0ae72888b786b8d43aa8aae89e6f231bab2",
  "packed_hash": "1848cd2a3851bbfd4b7f53cd9af7a6b2fc5b70a80eceaa801f8acfd1a6a3e53b",
  "unpacked_hash": "a07a7b20cde5a541cab3630e16a1d0ae72888b786b8d43aa8aae89e6f231bab2",
  "seed_score": 379,
  "seed_score_formula": "(2.42×*158.6)/(1+0.0/4+16.7/100)+50",
  "overall_system_score": 950.0,
  "performance_tier": "Elite Performance",
  "warnings": [
    "⚠️  This is a CPU-only benchmark designed to stress test your processor",
    "   GPU acceleration will be available in V2, V3 will use both CPU+GPU",
    "Decompression speed below 100 MB/s - system may be underpowered"
  ],
  "errors": [],
  "os_info": "Windows",
  "cpu_info": "16 cores, 2400 MHz",
  "ram_info": "63.6 GB",
  "storage_info": "SSD: 1, HDD: 0",
  "original_score_v1_1": 792,
  "conversion_date": "2025-07-23 00:51:39"
}
