{
  "mmh_version": "1.2.0",
  "timestamp_utc": "2025-07-23T03:56:11.595996600+00:00",
  "replay_seed": 12201546394674650355,
  "run_mode": "SMOKETEST | MMH‑RS V1",
  "system_tier": "HighEnd",
  "test_set_desc": "~50 MiB deterministic",
  "total_files": 89,
  "total_size_bytes": 52428800,
  "seed_output_size_bytes": 23413477,
  "pack_speed": 207.0255357717353,
  "unpack_speed": 74.82747117054136,
  "verify_speed": 221.94334008576485,
  "pack_time": 0.2415161,
  "unpack_time": 0.2984042,
  "verify_time": 0.100606,
  "total_time": 0.6405263,
  "compression_ratio": 2.239257330297418,
  "files_per_sec": 368.5054536736888,
  "peak_cpu_pct": 33.57195,
  "avg_cpu_pct": 24.91867,
  "peak_ram_mb": 17618,
  "peak_threads": 277,
  "thermal_throttling": false,
  "memory_pressure": "LOW",
  "input_hash": "453f7903acfc324d306dcc2c040d55471ab28a40682b1d120dc5bfc995cf611c",
  "packed_hash": "e6f0d6b09c28c1f01723f79052f3a9cdd8633b16d1ffa7271d210ce9685e49cd",
  "unpacked_hash": "453f7903acfc324d306dcc2c040d55471ab28a40682b1d120dc5bfc995cf611c",
  "seed_score": 332,
  "seed_score_formula": "(2.24×*167.9)/(1+0.0/4+33.6/100)+50",
  "overall_system_score": 922.0,
  "performance_tier": "Elite Performance",
  "warnings": [
    "⚠️  This is a CPU-only benchmark designed to stress test your processor",
    "   GPU acceleration will be available in V2, V3 will use both CPU+GPU",
    "Decompression speed below 100 MB/s - system may be underpowered"
  ],
  "errors": [],
  "os_info": "Windows",
  "cpu_info": "16 cores, 2400 MHz",
  "ram_info": "63.6 GB",
  "storage_info": "SSD: 1, HDD: 0",
  "original_score_v1_1": 768,
  "conversion_date": "2025-07-23 00:51:39"
}
