{
  "mmh_version": "1.2.0",
  "timestamp_utc": "2025-07-23T02:22:21.250114400+00:00",
  "replay_seed": 1446183352777096240,
  "run_mode": "Mainstream | MMH‑RS V1",
  "system_tier": "HighEnd",
  "test_set_desc": "2 GiB deterministic",
  "total_files": 4082,
  "total_size_bytes": 2147483648,
  "seed_output_size_bytes": 963333742,
  "pack_speed": 76.54917800647925,
  "unpack_speed": 52.077181320193915,
  "verify_speed": 106.39877730807007,
  "pack_time": 26.754043,
  "unpack_time": 17.6412514,
  "verify_time": 8.6345602,
  "total_time": 53.02985459999999,
  "compression_ratio": 2.229220834247494,
  "files_per_sec": 152.57507061642983,
  "peak_cpu_pct": 26.58205,
  "avg_cpu_pct": 26.244827,
  "peak_ram_mb": 17793,
  "peak_threads": 255,
  "thermal_throttling": false,
  "memory_pressure": "LOW",
  "input_hash": "9924e7639fb86952e691c8b93d23251431c973fa267df15ca9010f5c7a6eb18e",
  "packed_hash": "7ddd10429f28b05384011fd79bf399443dcc3f63ebb8e3359187ab54c6cf4f66",
  "unpacked_hash": "9924e7639fb86952e691c8b93d23251431c973fa267df15ca9010f5c7a6eb18e",
  "seed_score": 188,
  "seed_score_formula": "(2.23×*78.3)/(1+0.0/4+26.6/100)+50",
  "overall_system_score": 874.0,
  "performance_tier": "Elite Performance",
  "warnings": [
    "⚠️  This is a CPU-only benchmark designed to stress test your processor",
    "   GPU acceleration will be available in V2, V3 will use both CPU+GPU",
    "Decompression speed below 100 MB/s - system may be underpowered"
  ],
  "errors": [],
  "os_info": "Windows",
  "cpu_info": "16 cores, 2400 MHz",
  "ram_info": "63.6 GB",
  "storage_info": "SSD: 1, HDD: 0",
  "original_score_v1_1": 728,
  "conversion_date": "2025-07-23 00:51:39"
}
