{
  "mmh_version": "1.2.0",
  "timestamp_utc": "2025-07-23T03:58:30.440383400+00:00",
  "replay_seed": 8837305585604558354,
  "run_mode": "SMOKETEST | MMH‑RS V1",
  "system_tier": "HighEnd",
  "test_set_desc": "~50 MiB deterministic",
  "total_files": 97,
  "total_size_bytes": 52428800,
  "seed_output_size_bytes": 27089612,
  "pack_speed": 201.40654273182196,
  "unpack_speed": 92.67669677778166,
  "verify_speed": 252.38360463147754,
  "pack_time": 0.2482541,
  "unpack_time": 0.2787612,
  "verify_time": 0.1023627,
  "total_time": 0.629378,
  "compression_ratio": 1.935383939792124,
  "files_per_sec": 390.7286928997346,
  "peak_cpu_pct": 15.55946,
  "avg_cpu_pct": 12.386838,
  "peak_ram_mb": 17530,
  "peak_threads": 271,
  "thermal_throttling": false,
  "memory_pressure": "LOW",
  "input_hash": "650b52f7853eaa7c369d3cd798472f9f050dfa3d813f0729de08d0ea87c2b12b",
  "packed_hash": "e6245edc63a137b5aaa4218bc1f305a5d2a54eb487f1f17aacfb7d84f497286c",
  "unpacked_hash": "650b52f7853eaa7c369d3cd798472f9f050dfa3d813f0729de08d0ea87c2b12b",
  "seed_score": 355,
  "seed_score_formula": "(1.94×*182.2)/(1+0.0/4+15.6/100)+50",
  "overall_system_score": 872.0,
  "performance_tier": "Elite Performance",
  "warnings": [
    "⚠️  This is a CPU-only benchmark designed to stress test your processor",
    "   GPU acceleration will be available in V2, V3 will use both CPU+GPU",
    "Decompression speed below 100 MB/s - system may be underpowered"
  ],
  "errors": [],
  "os_info": "Windows",
  "cpu_info": "16 cores, 2400 MHz",
  "ram_info": "63.6 GB",
  "storage_info": "SSD: 1, HDD: 0",
  "original_score_v1_1": 727,
  "conversion_date": "2025-07-23 00:51:39"
}
