{
  "mmh_version": "1.2.0",
  "timestamp_utc": "2025-07-23T04:37:34.295447100+00:00",
  "replay_seed": 16712093146669943690,
  "run_mode": "SMOKETEST | MMH‑RS V1",
  "system_tier": "HighEnd",
  "test_set_desc": "~50 MiB deterministic",
  "total_files": 105,
  "total_size_bytes": 52428800,
  "seed_output_size_bytes": 23589847,
  "pack_speed": 192.49848792437737,
  "unpack_speed": 90.27389589224862,
  "verify_speed": 208.20887319936202,
  "pack_time": 0.2597423,
  "unpack_time": 0.2492086,
  "verify_time": 0.1080503,
  "total_time": 0.6170012,
  "compression_ratio": 2.2225154745598816,
  "files_per_sec": 404.24682464119246,
  "peak_cpu_pct": 19.791695,
  "avg_cpu_pct": 16.076473,
  "peak_ram_mb": 18491,
  "peak_threads": 269,
  "thermal_throttling": false,
  "memory_pressure": "LOW",
  "input_hash": "e1827e2239da79d389d2656961eb8a9adb3fd7b4aed3903097f3c5f77f11597b",
  "packed_hash": "b4e02e9ec47033e3777faab5424296e450425250b43954e4ac13943dea90aa81",
  "unpacked_hash": "e1827e2239da79d389d2656961eb8a9adb3fd7b4aed3903097f3c5f77f11597b",
  "seed_score": 354,
  "seed_score_formula": "(2.22×*163.7)/(1+0.0/4+19.8/100)+50",
  "overall_system_score": 918.0,
  "performance_tier": "Elite Performance",
  "warnings": [
    "⚠️  This is a CPU-only benchmark designed to stress test your processor",
    "   GPU acceleration will be available in V2, V3 will use both CPU+GPU",
    "Decompression speed below 100 MB/s - system may be underpowered"
  ],
  "errors": [],
  "os_info": "Windows",
  "cpu_info": "16 cores, 2400 MHz",
  "ram_info": "63.6 GB",
  "storage_info": "SSD: 1, HDD: 0",
  "original_score_v1_1": 765,
  "conversion_date": "2025-07-23 00:51:39"
}
