{
  "mmh_version": "1.2.0",
  "timestamp_utc": "2025-07-23T02:20:34.661114200+00:00",
  "replay_seed": 1177048023815772683,
  "run_mode": "SMOKETEST | MMH‑RS V1",
  "system_tier": "HighEnd",
  "test_set_desc": "~50 MiB deterministic",
  "total_files": 108,
  "total_size_bytes": 52428800,
  "seed_output_size_bytes": 26516868,
  "pack_speed": 83.19690427647063,
  "unpack_speed": 51.33573624515085,
  "verify_speed": 124.8524092364568,
  "pack_time": 0.6009839,
  "unpack_time": 0.4926092,
  "verify_time": 0.2025468,
  "total_time": 1.2961399,
  "compression_ratio": 1.977186747695844,
  "files_per_sec": 179.70531323717657,
  "peak_cpu_pct": 29.653797,
  "avg_cpu_pct": 23.758526,
  "peak_ram_mb": 14792,
  "peak_threads": 254,
  "thermal_throttling": false,
  "memory_pressure": "LOW",
  "input_hash": "9c409915e3f53189545a5cdecdbed99e4bcd51e15ebffeed8b868b1ac96747a0",
  "packed_hash": "b8eb543f89815002066a90e53b062852bf60ee104511dcec6603098f8db3c39f",
  "unpacked_hash": "9c409915e3f53189545a5cdecdbed99e4bcd51e15ebffeed8b868b1ac96747a0",
  "seed_score": 182,
  "seed_score_formula": "(1.98×*86.5)/(1+0.0/4+29.7/100)+50",
  "overall_system_score": 802.0,
  "performance_tier": [
    "Ultra Performance",
    "Elite Performance"
  ],
  "warnings": [
    "⚠️  This is a CPU-only benchmark designed to stress test your processor",
    "   GPU acceleration will be available in V2, V3 will use both CPU+GPU",
    "Decompression speed below 100 MB/s - system may be underpowered"
  ],
  "errors": [],
  "os_info": "Windows",
  "cpu_info": "16 cores, 2400 MHz",
  "ram_info": "63.6 GB",
  "storage_info": "SSD: 1, HDD: 0",
  "original_score_v1_1": 668,
  "conversion_date": "2025-07-23 00:51:39"
}
