{
  "mmh_version": "1.2.0",
  "timestamp_utc": "2025-07-22T23:40:41.149277-04:00",
  "replay_seed": 5011653508200827985,
  "run_mode": "SMOKETEST | MMH‑RS V1",
  "system_tier": "HighEnd",
  "test_set_desc": "~50 MiB deterministic",
  "total_files": 104,
  "total_size_bytes": 52428800,
  "seed_output_size_bytes": 20829935,
  "pack_speed": 196.84179155950272,
  "unpack_speed": 75.8118886550752,
  "verify_speed": 167.5324335449169,
  "pack_time": 0.2540111,
  "unpack_time": 0.2620298,
  "verify_time": 0.1185739,
  "total_time": 0.6346147999999999,
  "compression_ratio": 2.516992971893575,
  "files_per_sec": 409.43092644376566,
  "peak_cpu_pct": 24.877798,
  "avg_cpu_pct": 22.916767,
  "peak_ram_mb": 17554,
  "peak_threads": 265,
  "thermal_throttling": false,
  "memory_pressure": "LOW",
  "input_hash": "9b173a18ae7ef1faf64a3d35b8e7960dd765867ee08b297fe9f3c49b8f474d84",
  "packed_hash": "fcac6c7a11564af737d9346833a562d25971d71941b2f44aef43aceb135fa79c",
  "unpacked_hash": "9b173a18ae7ef1faf64a3d35b8e7960dd765867ee08b297fe9f3c49b8f474d84",
  "seed_score": 346,
  "seed_score_formula": "(2.52×*146.7)/(1+0.0/4+24.9/100)+50",
  "overall_system_score": 950.0,
  "performance_tier": "Elite Performance",
  "warnings": [
    "⚠️  This is a CPU-only benchmark designed to stress test your processor",
    "   GPU acceleration will be available in V2, V3 will use both CPU+GPU",
    "Decompression speed below 100 MB/s - system may be underpowered"
  ],
  "errors": [],
  "os_info": "Windows",
  "cpu_info": "16 cores, 2400 MHz",
  "ram_info": "63.6 GB",
  "storage_info": "SSD: 1, HDD: 0",
  "original_score_v1_1": 805,
  "conversion_date": "2025-07-23 00:51:39"
}
