{
  "mmh_version": "1.2.0",
  "timestamp_utc": "2025-07-22T21:41:47.884296500+00:00",
  "replay_seed": 10117842417868350585,
  "run_mode": "Mainstream | MMH‑RS V1",
  "system_tier": "HighEnd",
  "test_set_desc": "2 GiB deterministic",
  "total_files": 4114,
  "total_size_bytes": 2147483648,
  "seed_output_size_bytes": 995117096,
  "pack_speed": 82.66478324430051,
  "unpack_speed": 54.98841696999194,
  "verify_speed": 124.35467689152894,
  "pack_time": 24.774758,
  "unpack_time": 17.2585004,
  "verify_time": 7.6315394,
  "compression_ratio": 2.1580210576545054,
  "files_per_sec": 166.05611243508415,
  "peak_cpu_pct": 21.152742,
  "avg_cpu_pct": 18.902672,
  "peak_ram_mb": 21784332,
  "peak_threads": 321,
  "thermal_throttling": false,
  "memory_pressure": "LOW",
  "input_hash": "e589cf302db96290908fdbd00e2efbc8cd3baf10b7f1fa24a23b8fd20e4fd151",
  "packed_hash": "cb8171b499939f9a96392a5b915b8ae84da24033391fad6df7d13f49439d1575",
  "unpacked_hash": "e589cf302db96290908fdbd00e2efbc8cd3baf10b7f1fa24a23b8fd20e4fd151",
  "seed_score": 79,
  "seed_score_formula": "(2.16×*87.3)/(1+20.8/4+21.2/100)+50",
  "overall_system_score": 200.0,
  "performance_tier": [
    "Entry Level",
    "Mainstream",
    "High Performance",
    "Enterprise",
    "Ultra Performance",
    "Elite Performance"
  ],
  "warnings": [
    "Decompression speed below 100 MB/s - system may be underpowered",
    "High memory usage detected - consider more RAM for larger datasets"
  ],
  "errors": [],
  "os_info": "Windows",
  "cpu_info": "16 cores, 2400 MHz",
  "ram_info": "63.6 GB",
  "storage_info": "SSD: 1, HDD: 0",
  "original_score_v1_1": 89,
  "conversion_date": "2025-07-23 00:51:38"
}
