{
  "mmh_version": "1.2.0",
  "timestamp_utc": "2025-07-23T04:18:44.215989500+00:00",
  "replay_seed": 7199944393510185382,
  "run_mode": "SMOKETEST | MMH‑RS V1",
  "system_tier": "HighEnd",
  "test_set_desc": "~50 MiB deterministic",
  "total_files": 115,
  "total_size_bytes": 52428800,
  "seed_output_size_bytes": 21797040,
  "pack_speed": 202.2929501311465,
  "unpack_speed": 70.05192144556933,
  "verify_speed": 195.72140856597812,
  "pack_time": 0.2471663,
  "unpack_time": 0.296741,
  "verify_time": 0.1062085,
  "total_time": 0.6501158,
  "compression_ratio": 2.405317419245916,
  "files_per_sec": 465.27378530163696,
  "peak_cpu_pct": 38.588593,
  "avg_cpu_pct": 30.195522,
  "peak_ram_mb": 18159,
  "peak_threads": 271,
  "thermal_throttling": false,
  "memory_pressure": "LOW",
  "input_hash": "a6b6311a9c594c0895e16028c68a77a942fffaf24b182b96f8e2e628aca5b0b2",
  "packed_hash": "dc84ac0fbbb2167ae59070a62f95ad4f2a85b47470f2a4103e43ba9ba7ba78f1",
  "unpacked_hash": "a6b6311a9c594c0895e16028c68a77a942fffaf24b182b96f8e2e628aca5b0b2",
  "seed_score": 321,
  "seed_score_formula": "(2.41×*156.0)/(1+0.0/4+38.6/100)+50",
  "overall_system_score": 948.0,
  "performance_tier": "Elite Performance",
  "warnings": [
    "⚠️  This is a CPU-only benchmark designed to stress test your processor",
    "   GPU acceleration will be available in V2, V3 will use both CPU+GPU",
    "Decompression speed below 100 MB/s - system may be underpowered"
  ],
  "errors": [],
  "os_info": "Windows",
  "cpu_info": "16 cores, 2400 MHz",
  "ram_info": "63.6 GB",
  "storage_info": "SSD: 1, HDD: 0",
  "original_score_v1_1": 790,
  "conversion_date": "2025-07-23 00:51:39"
}
