{
  "mmh_version": "1.2.0",
  "timestamp_utc": "2025-07-22T16:43:21.955848-04:00",
  "replay_seed": 4770103626884426938,
  "run_mode": "SMOKETEST | MMH‑RS V1",
  "system_tier": "HighEnd",
  "test_set_desc": "~50 MiB deterministic",
  "total_files": 96,
  "total_size_bytes": 52428800,
  "seed_output_size_bytes": 27831308,
  "pack_speed": 200.3971872250801,
  "unpack_speed": 94.54344424759321,
  "verify_speed": 309.9372539062318,
  "pack_time": 0.2495045,
  "unpack_time": 0.2807387,
  "verify_time": 0.0856367,
  "compression_ratio": 1.8838065390243246,
  "files_per_sec": 384.76259947215385,
  "peak_cpu_pct": 26.060345,
  "avg_cpu_pct": 25.585997,
  "peak_ram_mb": 16628016,
  "peak_threads": 249,
  "thermal_throttling": false,
  "memory_pressure": "LOW",
  "input_hash": "524dde4f6b0b639071a696499cdb395b860cb4355f6d128b495bd157cc2d073d",
  "packed_hash": "770bc7f50c26428a349c58545fc3f3dff0621b823e87802b811ac41e19cc0361",
  "unpacked_hash": "524dde4f6b0b639071a696499cdb395b860cb4355f6d128b495bd157cc2d073d",
  "seed_score": 123,
  "seed_score_formula": "(1.88×*201.6)/(1+15.9/4+26.1/100)+50",
  "overall_system_score": 200.0,
  "performance_tier": [
    "Entry Level",
    "Mainstream",
    "High Performance",
    "Enterprise",
    "Ultra Performance",
    "Elite Performance"
  ],
  "warnings": [
    "Decompression speed below 100 MB/s - system may be underpowered",
    "High memory usage detected - consider more RAM for larger datasets"
  ],
  "errors": [],
  "os_info": "Windows",
  "cpu_info": "16 cores, 2400 MHz",
  "ram_info": "63.6 GB",
  "storage_info": "SSD: 1, HDD: 0",
  "original_score_v1_1": 113,
  "conversion_date": "2025-07-23 00:51:38"
}
