{
  "mmh_version": "1.2.0",
  "timestamp_utc": "2025-07-22T20:28:55.949755700+00:00",
  "replay_seed": 2792025817802553936,
  "run_mode": "Mainstream | MMH‑RS V1",
  "system_tier": "HighEnd",
  "test_set_desc": "1 GiB deterministic",
  "total_files": 2025,
  "total_size_bytes": 1073741824,
  "seed_output_size_bytes": 508471856,
  "pack_speed": 195.58565095803831,
  "unpack_speed": 90.0413438290124,
  "verify_speed": 280.88613898403037,
  "pack_time": 5.2355579,
  "unpack_time": 5.3854877,
  "verify_time": 1.7263812,
  "compression_ratio": 2.111703551199105,
  "files_per_sec": 386.7782648340113,
  "peak_cpu_pct": 50.448566,
  "avg_cpu_pct": 41.621346,
  "peak_ram_mb": 17700920,
  "peak_threads": 249,
  "thermal_throttling": false,
  "memory_pressure": "LOW",
  "input_hash": "bda73594c4da2948f90dfe2ec93f01f89b2d53332273efec7a09be740291933a",
  "packed_hash": "10de8e49fa5420954492e90d5db1468bc44d56ac54cc6baf9daa298919d10a4b",
  "unpacked_hash": "bda73594c4da2948f90dfe2ec93f01f89b2d53332273efec7a09be740291933a",
  "seed_score": 120,
  "seed_score_formula": "(2.11×*188.8)/(1+16.9/4+50.4/100)+50",
  "overall_system_score": 200.0,
  "performance_tier": [
    "Entry Level",
    "Mainstream",
    "High Performance",
    "Enterprise",
    "Ultra Performance",
    "Elite Performance"
  ],
  "warnings": [
    "Decompression speed below 100 MB/s - system may be underpowered",
    "High memory usage detected - consider more RAM for larger datasets"
  ],
  "errors": [],
  "os_info": "Windows",
  "cpu_info": "16 cores, 2400 MHz",
  "ram_info": "63.6 GB",
  "storage_info": "SSD: 1, HDD: 0",
  "original_score_v1_1": 130,
  "conversion_date": "2025-07-23 00:51:38"
}
