{
  "mmh_version": "1.2.0",
  "timestamp_utc": "2025-07-23T04:07:27.428806300+00:00",
  "replay_seed": 12851477670040184392,
  "run_mode": "SMOKETEST | MMH‑RS V1",
  "system_tier": "HighEnd",
  "test_set_desc": "~50 MiB deterministic",
  "total_files": 109,
  "total_size_bytes": 52428800,
  "seed_output_size_bytes": 21412335,
  "pack_speed": 88.05174765989274,
  "unpack_speed": 43.6892014953028,
  "verify_speed": 99.70506007473645,
  "pack_time": 0.5678479,
  "unpack_time": 0.4674014,
  "verify_time": 0.204808,
  "total_time": 1.2400573000000001,
  "compression_ratio": 2.4485325864741045,
  "files_per_sec": 191.95280989856616,
  "peak_cpu_pct": 13.2152605,
  "avg_cpu_pct": 12.4645405,
  "peak_ram_mb": 17712,
  "peak_threads": 270,
  "thermal_throttling": false,
  "memory_pressure": "LOW",
  "input_hash": "dace0c254a8c17d47b7c70ede12cd3853328c0a700d76e88a05cc20f33745170",
  "packed_hash": "97773987105e9b807d92f08683f7c991725d7194a668820df5f21c60e77e9a2e",
  "unpacked_hash": "dace0c254a8c17d47b7c70ede12cd3853328c0a700d76e88a05cc20f33745170",
  "seed_score": 217,
  "seed_score_formula": "(2.45×*77.1)/(1+0.0/4+13.2/100)+50",
  "overall_system_score": 900.0,
  "performance_tier": "Elite Performance",
  "warnings": [
    "⚠️  This is a CPU-only benchmark designed to stress test your processor",
    "   GPU acceleration will be available in V2, V3 will use both CPU+GPU",
    "Decompression speed below 100 MB/s - system may be underpowered"
  ],
  "errors": [],
  "os_info": "Windows",
  "cpu_info": "16 cores, 2400 MHz",
  "ram_info": "63.6 GB",
  "storage_info": "SSD: 1, HDD: 0",
  "original_score_v1_1": 750,
  "conversion_date": "2025-07-23 00:51:39"
}
